clip_id,video_file,datetime,date,time,year,month,day,latitude,longitude,location_label,emotion_tags,order_index
20250101_000056,D:\QCC\raw_videos\20250101_000056.mp4,2025-01-01T00:00:56,2025-01-01,00:00:56,2025,1,1,28.4437,119.9056,,,0
20250101_145958,D:\QCC\raw_videos\20250101_145958.mp4,2025-01-01T14:59:58,2025-01-01,14:59:58,2025,1,1,28.4407,119.9205,,,1
20250102_104424,D:\QCC\raw_videos\20250102_104424.mp4,2025-01-02T10:44:24,2025-01-02,10:44:24,2025,1,2,28.4433,119.9135,,,2
20250102_193004,D:\QCC\raw_videos\20250102_193004.mp4,2025-01-02T19:30:04,2025-01-02,19:30:04,2025,1,2,31.2455,121.4868,,,3
20250102_203403,D:\QCC\raw_videos\20250102_203403.mp4,2025-01-02T20:34:03,2025-01-02,20:34:03,2025,1,2,31.2252,121.4414,,,4
20250103_104211,D:\QCC\raw_videos\20250103_104211.mp4,2025-01-03T10:42:11,2025-01-03,10:42:11,2025,1,3,31.2369,121.4693,,,5
20250103_105148,D:\QCC\raw_videos\20250103_105148.mp4,2025-01-03T10:51:48,2025-01-03,10:51:48,2025,1,3,31.2371,121.4684,,,6
20250103_121226,D:\QCC\raw_videos\20250103_121226.mp4,2025-01-03T12:12:26,2025-01-03,12:12:26,2025,1,3,31.2106,121.4635,,,7
20250103_144208,D:\QCC\raw_videos\20250103_144208.mp4,2025-01-03T14:42:08,2025-01-03,14:42:08,2025,1,3,31.2234,121.4409,,,8
20250103_221818,D:\QCC\raw_videos\20250103_221818.mp4,2025-01-03T22:18:18,2025-01-03,22:18:18,2025,1,3,41.7843,-87.6029,,,9
20250104_224628,D:\QCC\raw_videos\20250104_224628.mp4,2025-01-04T22:46:28,2025-01-04,22:46:28,2025,1,4,41.7953,-87.5967,,,10
20250104_225903,D:\QCC\raw_videos\20250104_225903.mp4,2025-01-04T22:59:03,2025-01-04,22:59:03,2025,1,4,41.7953,-87.5967,,,11
20250105_012732,D:\QCC\raw_videos\20250105_012732.mp4,2025-01-05T01:27:32,2025-01-05,01:27:32,2025,1,5,41.7953,-87.5967,,,12
20250105_215719,D:\QCC\raw_videos\20250105_215719.mp4,2025-01-05T21:57:19,2025-01-05,21:57:19,2025,1,5,41.7844,-87.6029,,,13
20250106_164633,D:\QCC\raw_videos\20250106_164633.mp4,2025-01-06T16:46:33,2025-01-06,16:46:33,2025,1,6,41.7844,-87.6028,,,14
20250106_164702,D:\QCC\raw_videos\20250106_164702.mp4,2025-01-06T16:47:02,2025-01-06,16:47:02,2025,1,6,41.7844,-87.6028,,,15
20250107_230422,D:\QCC\raw_videos\20250107_230422.mp4,2025-01-07T23:04:22,2025-01-07,23:04:22,2025,1,7,41.7844,-87.6031,,,16
20250108_144955,D:\QCC\raw_videos\20250108_144955.mp4,2025-01-08T14:49:55,2025-01-08,14:49:55,2025,1,8,41.7901,-87.5989,,,17
20250109_195148,D:\QCC\raw_videos\20250109_195148.mp4,2025-01-09T19:51:48,2025-01-09,19:51:48,2025,1,9,41.7843,-87.6029,,,18
20250110_124218,D:\QCC\raw_videos\20250110_124218.mp4,2025-01-10T12:42:18,2025-01-10,12:42:18,2025,1,10,41.7841,-87.6065,,,19
20250111_083556,D:\QCC\raw_videos\20250111_083556.mp4,2025-01-11T08:35:56,2025-01-11,08:35:56,2025,1,11,41.7897,-87.5968,,,20
20250111_083833,D:\QCC\raw_videos\20250111_083833.mp4,2025-01-11T08:38:33,2025-01-11,08:38:33,2025,1,11,41.7908,-87.5965,,,21
20250112_155218,D:\QCC\raw_videos\20250112_155218.mp4,2025-01-12T15:52:18,2025-01-12,15:52:18,2025,1,12,41.8828,-87.6235,,,22
20250112_163052,D:\QCC\raw_videos\20250112_163052.mp4,2025-01-12T16:30:52,2025-01-12,16:30:52,2025,1,12,41.7876,-87.5888,,,23
20250113_210747,D:\QCC\raw_videos\20250113_210747.mp4,2025-01-13T21:07:47,2025-01-13,21:07:47,2025,1,13,41.7844,-87.6029,,,24
20250114_191528,D:\QCC\raw_videos\20250114_191528.mp4,2025-01-14T19:15:28,2025-01-14,19:15:28,2025,1,14,41.7844,-87.6029,,,25
20250115_191052,D:\QCC\raw_videos\20250115_191052.mp4,2025-01-15T19:10:52,2025-01-15,19:10:52,2025,1,15,41.7843,-87.6027,,,26
20250116_214450,D:\QCC\raw_videos\20250116_214450.mp4,2025-01-16T21:44:50,2025-01-16,21:44:50,2025,1,16,41.7844,-87.6029,,,27
20250117_134134,D:\QCC\raw_videos\20250117_134134.mp4,2025-01-17T13:41:34,2025-01-17,13:41:34,2025,1,17,41.7896,-87.5992,,,28
20250117_135552,D:\QCC\raw_videos\20250117_135552.mp4,2025-01-17T13:55:52,2025-01-17,13:55:52,2025,1,17,41.7874,-87.6012,,,29
20250117_220136,D:\QCC\raw_videos\20250117_220136.mp4,2025-01-17T22:01:36,2025-01-17,22:01:36,2025,1,17,0.0,0.0,,,30
20250118_200219,D:\QCC\raw_videos\20250118_200219.mp4,2025-01-18T20:02:19,2025-01-18,20:02:19,2025,1,18,41.7858,-87.6011,,,31
20250119_212530,D:\QCC\raw_videos\20250119_212530.mp4,2025-01-19T21:25:30,2025-01-19,21:25:30,2025,1,19,41.7844,-87.6029,,,32
20250120_225831,D:\QCC\raw_videos\20250120_225831.mp4,2025-01-20T22:58:31,2025-01-20,22:58:31,2025,1,20,41.7844,-87.6028,,,33
20250121_231944,D:\QCC\raw_videos\20250121_231944.mp4,2025-01-21T23:19:44,2025-01-21,23:19:44,2025,1,21,41.7844,-87.6029,,,34
20250122_135704,D:\QCC\raw_videos\20250122_135704.mp4,2025-01-22T13:57:04,2025-01-22,13:57:04,2025,1,22,41.7912,-87.5935,,,35
20250124_005241,D:\QCC\raw_videos\20250124_005241.mp4,2025-01-24T00:52:41,2025-01-24,00:52:41,2025,1,24,41.7844,-87.6029,,,36
20250124_124636,D:\QCC\raw_videos\20250124_124636.mp4,2025-01-24T12:46:36,2025-01-24,12:46:36,2025,1,24,41.791,-87.5985,,,37
20250125_135216,D:\QCC\raw_videos\20250125_135216.mp4,2025-01-25T13:52:16,2025-01-25,13:52:16,2025,1,25,41.787,-87.5988,,,38
20250126_152922,D:\QCC\raw_videos\20250126_152922.mp4,2025-01-26T15:29:22,2025-01-26,15:29:22,2025,1,26,41.8874,-87.6304,,,39
20250127_214225,D:\QCC\raw_videos\20250127_214225.mp4,2025-01-27T21:42:25,2025-01-27,21:42:25,2025,1,27,41.7844,-87.6031,,,40
20250128_140443,D:\QCC\raw_videos\20250128_140443.mp4,2025-01-28T14:04:43,2025-01-28,14:04:43,2025,1,28,41.7908,-87.5969,,,41
20250128_191813,D:\QCC\raw_videos\20250128_191813.mp4,2025-01-28T19:18:13,2025-01-28,19:18:13,2025,1,28,41.8305,-87.6832,,,42
20250129_235135,D:\QCC\raw_videos\20250129_235135.mp4,2025-01-29T23:51:35,2025-01-29,23:51:35,2025,1,29,41.7844,-87.6028,,,43
20250129_235244,D:\QCC\raw_videos\20250129_235244.mp4,2025-01-29T23:52:44,2025-01-29,23:52:44,2025,1,29,41.7844,-87.6028,,,44
20250131_183607,D:\QCC\raw_videos\20250131_183607.mp4,2025-01-31T18:36:07,2025-01-31,18:36:07,2025,1,31,41.8874,-87.6317,,,45
20250131_183639,D:\QCC\raw_videos\20250131_183639.mp4,2025-01-31T18:36:39,2025-01-31,18:36:39,2025,1,31,41.8874,-87.6317,,,46
20250201_165030,D:\QCC\raw_videos\20250201_165030.mp4,2025-02-01T16:50:30,2025-02-01,16:50:30,2025,2,1,41.9159,-87.6867,,,47
20250202_185345,D:\QCC\raw_videos\20250202_185345.mp4,2025-02-02T18:53:45,2025-02-02,18:53:45,2025,2,2,41.8962,-87.6403,,,48
20250202_185411,D:\QCC\raw_videos\20250202_185411.mp4,2025-02-02T18:54:11,2025-02-02,18:54:11,2025,2,2,41.8962,-87.6403,,,49
20250203_124921,D:\QCC\raw_videos\20250203_124921.mp4,2025-02-03T12:49:21,2025-02-03,12:49:21,2025,2,3,41.7913,-87.5936,,,50
20250204_195736,D:\QCC\raw_videos\20250204_195736.mp4,2025-02-04T19:57:36,2025-02-04,19:57:36,2025,2,4,41.7939,-87.5845,,,51
20250204_195809,D:\QCC\raw_videos\20250204_195809.mp4,2025-02-04T19:58:09,2025-02-04,19:58:09,2025,2,4,41.7939,-87.5845,,,52
20250204_195950,D:\QCC\raw_videos\20250204_195950.mp4,2025-02-04T19:59:50,2025-02-04,19:59:50,2025,2,4,41.7938,-87.5845,,,53
20250205_233802,D:\QCC\raw_videos\20250205_233802.mp4,2025-02-05T23:38:02,2025-02-05,23:38:02,2025,2,5,41.7844,-87.6029,,,54
20250206_232551,D:\QCC\raw_videos\20250206_232551.mp4,2025-02-06T23:25:51,2025-02-06,23:25:51,2025,2,6,41.7844,-87.6028,,,55
20250207_230951,D:\QCC\raw_videos\20250207_230951.mp4,2025-02-07T23:09:51,2025-02-07,23:09:51,2025,2,7,41.9252,-87.69,,,56
20250207_235830,D:\QCC\raw_videos\20250207_235830.mp4,2025-02-07T23:58:30,2025-02-07,23:58:30,2025,2,7,41.9251,-87.688,,,57
20250208_172242,D:\QCC\raw_videos\20250208_172242.mp4,2025-02-08T17:22:42,2025-02-08,17:22:42,2025,2,8,41.7845,-87.603,,,58
20250209_234507,D:\QCC\raw_videos\20250209_234507.mp4,2025-02-09T23:45:07,2025-02-09,23:45:07,2025,2,9,41.7844,-87.6028,,,59
20250210_150159,D:\QCC\raw_videos\20250210_150159.mp4,2025-02-10T15:01:59,2025-02-10,15:01:59,2025,2,10,41.7847,-87.618,,,60
20250211_234823,D:\QCC\raw_videos\20250211_234823.mp4,2025-02-11T23:48:23,2025-02-11,23:48:23,2025,2,11,41.7843,-87.6029,,,61
20250212_190850,D:\QCC\raw_videos\20250212_190850.mp4,2025-02-12T19:08:50,2025-02-12,19:08:50,2025,2,12,41.7845,-87.6027,,,62
20250212_212656,D:\QCC\raw_videos\20250212_212656.mp4,2025-02-12T21:26:56,2025-02-12,21:26:56,2025,2,12,41.7848,-87.6032,,,63
20250213_183211,D:\QCC\raw_videos\20250213_183211.mp4,2025-02-13T18:32:11,2025-02-13,18:32:11,2025,2,13,41.788,-87.6041,,,64
20250213_183723,D:\QCC\raw_videos\20250213_183723.mp4,2025-02-13T18:37:23,2025-02-13,18:37:23,2025,2,13,41.788,-87.6041,,,65
20250214_225137,D:\QCC\raw_videos\20250214_225137.mp4,2025-02-14T22:51:37,2025-02-14,22:51:37,2025,2,14,41.9171,-87.6869,,,66
20250215_130724,D:\QCC\raw_videos\20250215_130724.mp4,2025-02-15T13:07:24,2025-02-15,13:07:24,2025,2,15,41.9156,-87.6864,,,67
20250217_001833,D:\QCC\raw_videos\20250217_001833.mp4,2025-02-17T00:18:33,2025-02-17,00:18:33,2025,2,17,41.7844,-87.6029,,,68
20250218_003823,D:\QCC\raw_videos\20250218_003823.mp4,2025-02-18T00:38:23,2025-02-18,00:38:23,2025,2,18,41.7844,-87.6028,,,69
20250218_232842,D:\QCC\raw_videos\20250218_232842.mp4,2025-02-18T23:28:42,2025-02-18,23:28:42,2025,2,18,41.7847,-87.6029,,,70
20250220_011425,D:\QCC\raw_videos\20250220_011425.mp4,2025-02-20T01:14:25,2025-02-20,01:14:25,2025,2,20,41.7844,-87.6029,,,71
20250221_004401,D:\QCC\raw_videos\20250221_004401.mp4,2025-02-21T00:44:01,2025-02-21,00:44:01,2025,2,21,41.7844,-87.6029,,,72
20250221_203745,D:\QCC\raw_videos\20250221_203745.mp4,2025-02-21T20:37:45,2025-02-21,20:37:45,2025,2,21,41.8482,-87.6422,,,73
20250222_182807,D:\QCC\raw_videos\20250222_182807.mp4,2025-02-22T18:28:07,2025-02-22,18:28:07,2025,2,22,41.8575,-87.6254,,,74
20250223_211221,D:\QCC\raw_videos\20250223_211221.mp4,2025-02-23T21:12:21,2025-02-23,21:12:21,2025,2,23,41.797,-87.5978,,,75
20250223_222316,D:\QCC\raw_videos\20250223_222316.mp4,2025-02-23T22:23:16,2025-02-23,22:23:16,2025,2,23,41.797,-87.5978,,,76
20250224_140835,D:\QCC\raw_videos\20250224_140835.mp4,2025-02-24T14:08:35,2025-02-24,14:08:35,2025,2,24,41.7944,-87.5981,,,77
20250225_122240,D:\QCC\raw_videos\20250225_122240.mp4,2025-02-25T12:22:40,2025-02-25,12:22:40,2025,2,25,41.7897,-87.599,,,78
20250226_193051,D:\QCC\raw_videos\20250226_193051.mp4,2025-02-26T19:30:51,2025-02-26,19:30:51,2025,2,26,41.7917,-87.5964,,,79
20250227_173242,D:\QCC\raw_videos\20250227_173242.mp4,2025-02-27T17:32:42,2025-02-27,17:32:42,2025,2,27,41.7841,-87.6063,,,80
20250301_003132,D:\QCC\raw_videos\20250301_003132.mp4,2025-03-01T00:31:32,2025-03-01,00:31:32,2025,3,1,41.7845,-87.6029,,,81
20250301_215313,D:\QCC\raw_videos\20250301_215313.mp4,2025-03-01T21:53:13,2025-03-01,21:53:13,2025,3,1,41.7844,-87.6029,,,82
20250302_172824,D:\QCC\raw_videos\20250302_172824.mp4,2025-03-02T17:28:24,2025-03-02,17:28:24,2025,3,2,41.7935,-87.5861,,,83
20250303_192540,D:\QCC\raw_videos\20250303_192540.mp4,2025-03-03T19:25:40,2025-03-03,19:25:40,2025,3,3,41.7844,-87.6029,,,84
20250304_152251,D:\QCC\raw_videos\20250304_152251.mp4,2025-03-04T15:22:51,2025-03-04,15:22:51,2025,3,4,41.8772,-87.6229,,,85
20250305_193043,D:\QCC\raw_videos\20250305_193043.mp4,2025-03-05T19:30:43,2025-03-05,19:30:43,2025,3,5,41.7847,-87.6028,,,86
20250306_122721,D:\QCC\raw_videos\20250306_122721.mp4,2025-03-06T12:27:21,2025-03-06,12:27:21,2025,3,6,41.7912,-87.5986,,,87
20250307_162400,D:\QCC\raw_videos\20250307_162400.mp4,2025-03-07T16:24:00,2025-03-07,16:24:00,2025,3,7,41.7853,-87.6037,,,88
20250308_222935,D:\QCC\raw_videos\20250308_222935.mp4,2025-03-08T22:29:35,2025-03-08,22:29:35,2025,3,8,41.9214,-87.6735,,,89
20250309_010943,D:\QCC\raw_videos\20250309_010943.mp4,2025-03-09T01:09:43,2025-03-09,01:09:43,2025,3,9,41.9023,-87.6695,,,90
20250310_190728,D:\QCC\raw_videos\20250310_190728.mp4,2025-03-10T19:07:28,2025-03-10,19:07:28,2025,3,10,41.7847,-87.6034,,,91
20250311_150305,D:\QCC\raw_videos\20250311_150305.mp4,2025-03-11T15:03:05,2025-03-11,15:03:05,2025,3,11,41.7883,-87.6181,,,92
20250313_191944,D:\QCC\raw_videos\20250313_191944.mp4,2025-03-13T19:19:44,2025-03-13,19:19:44,2025,3,13,41.7876,-87.6006,,,93
20250314_232226,D:\QCC\raw_videos\20250314_232226.mp4,2025-03-14T23:22:26,2025-03-14,23:22:26,2025,3,14,41.7844,-87.6031,,,94
20250314_233755,D:\QCC\raw_videos\20250314_233755.mp4,2025-03-14T23:37:55,2025-03-14,23:37:55,2025,3,14,41.7844,-87.6031,,,95
20250315_162328,D:\QCC\raw_videos\20250315_162328.mp4,2025-03-15T16:23:28,2025-03-15,16:23:28,2025,3,15,41.8959,-87.6246,,,96
20250315_225420,D:\QCC\raw_videos\20250315_225420.mp4,2025-03-15T22:54:20,2025-03-15,22:54:20,2025,3,15,41.8524,-87.6263,,,97
20250317_004043,D:\QCC\raw_videos\20250317_004043.mp4,2025-03-17T00:40:43,2025-03-17,00:40:43,2025,3,17,41.7844,-87.6029,,,98
20250317_212315,D:\QCC\raw_videos\20250317_212315.mp4,2025-03-17T21:23:15,2025-03-17,21:23:15,2025,3,17,41.9028,-87.6287,,,99
20250318_142733,D:\QCC\raw_videos\20250318_142733.mp4,2025-03-18T14:27:33,2025-03-18,14:27:33,2025,3,18,41.918,-87.6896,,,100
20250318_182102,D:\QCC\raw_videos\20250318_182102.mp4,2025-03-18T18:21:02,2025-03-18,18:21:02,2025,3,18,41.8883,-87.6557,,,101
20250319_174201,D:\QCC\raw_videos\20250319_174201.mp4,2025-03-19T17:42:01,2025-03-19,17:42:01,2025,3,19,41.7857,-87.6057,,,102
20250320_185632,D:\QCC\raw_videos\20250320_185632.mp4,2025-03-20T18:56:32,2025-03-20,18:56:32,2025,3,20,41.8719,-87.6325,,,103
20250321_195326,D:\QCC\raw_videos\20250321_195326.mp4,2025-03-21T19:53:26,2025-03-21,19:53:26,2025,3,21,41.9337,-87.6538,,,104
20250323_181039,D:\QCC\raw_videos\20250323_181039.mp4,2025-03-23T18:10:39,2025-03-23,18:10:39,2025,3,23,41.7858,-87.6012,,,105
20250324_233256,D:\QCC\raw_videos\20250324_233256.mp4,2025-03-24T23:32:56,2025-03-24,23:32:56,2025,3,24,41.7844,-87.6029,,,106
20250325_212056,D:\QCC\raw_videos\20250325_212056.mp4,2025-03-25T21:20:56,2025-03-25,21:20:56,2025,3,25,41.7844,-87.6029,,,107
20250326_124540,D:\QCC\raw_videos\20250326_124540.mp4,2025-03-26T12:45:40,2025-03-26,12:45:40,2025,3,26,41.789,-87.6009,,,108
20250327_145654,D:\QCC\raw_videos\20250327_145654.mp4,2025-03-27T14:56:54,2025-03-27,14:56:54,2025,3,27,41.7912,-87.5985,,,109
20250328_151926,D:\QCC\raw_videos\20250328_151926.mp4,2025-03-28T15:19:26,2025-03-28,15:19:26,2025,3,28,41.789,-87.5992,,,110
20250329_235911,D:\QCC\raw_videos\20250329_235911.mp4,2025-03-29T23:59:11,2025-03-29,23:59:11,2025,3,29,41.9442,-87.654,,,111
20250330_184239,D:\QCC\raw_videos\20250330_184239.mp4,2025-03-30T18:42:39,2025-03-30,18:42:39,2025,3,30,41.8687,-87.6275,,,112
20250331_210453,D:\QCC\raw_videos\20250331_210453.mp4,2025-03-31T21:04:53,2025-03-31,21:04:53,2025,3,31,41.784,-87.603,,,113
20250401_155047,D:\QCC\raw_videos\20250401_155047.mp4,2025-04-01T15:50:47,2025-04-01,15:50:47,2025,4,1,41.7951,-87.5857,,,114
20250402_151438,D:\QCC\raw_videos\20250402_151438.mp4,2025-04-02T15:14:38,2025-04-02,15:14:38,2025,4,2,41.7888,-87.6005,,,115
20250403_174103,D:\QCC\raw_videos\20250403_174103.mp4,2025-04-03T17:41:03,2025-04-03,17:41:03,2025,4,3,41.7844,-87.6027,,,116
20250404_114209,D:\QCC\raw_videos\20250404_114209.mp4,2025-04-04T11:42:09,2025-04-04,11:42:09,2025,4,4,41.7884,-87.5995,,,117
20250405_175926,D:\QCC\raw_videos\20250405_175926.mp4,2025-04-05T17:59:26,2025-04-05,17:59:26,2025,4,5,41.7893,-87.5977,,,118
20250406_183518,D:\QCC\raw_videos\20250406_183518.mp4,2025-04-06T18:35:18,2025-04-06,18:35:18,2025,4,6,41.7844,-87.6029,,,119
20250407_173354,D:\QCC\raw_videos\20250407_173354.mp4,2025-04-07T17:33:54,2025-04-07,17:33:54,2025,4,7,41.8544,-87.6303,,,120
20250408_152144,D:\QCC\raw_videos\20250408_152144.mp4,2025-04-08T15:21:44,2025-04-08,15:21:44,2025,4,8,41.799,-87.5946,,,121
20250409_214110,D:\QCC\raw_videos\20250409_214110.mp4,2025-04-09T21:41:10,2025-04-09,21:41:10,2025,4,9,41.7845,-87.603,,,122
20250410_215549,D:\QCC\raw_videos\20250410_215549.mp4,2025-04-10T21:55:49,2025-04-10,21:55:49,2025,4,10,41.7844,-87.6031,,,123
20250411_200753,D:\QCC\raw_videos\20250411_200753.mp4,2025-04-11T20:07:53,2025-04-11,20:07:53,2025,4,11,41.8848,-87.6517,,,124
20250413_002946,D:\QCC\raw_videos\20250413_002946.mp4,2025-04-13T00:29:46,2025-04-13,00:29:46,2025,4,13,41.7844,-87.6029,,,125
20250413_183620,D:\QCC\raw_videos\20250413_183620.mp4,2025-04-13T18:36:20,2025-04-13,18:36:20,2025,4,13,41.8817,-87.6252,,,126
20250414_194541,D:\QCC\raw_videos\20250414_194541.mp4,2025-04-14T19:45:41,2025-04-14,19:45:41,2025,4,14,41.7844,-87.6027,,,127
20250415_235625,D:\QCC\raw_videos\20250415_235625.mp4,2025-04-15T23:56:25,2025-04-15,23:56:25,2025,4,15,41.7844,-87.6029,,,128
20250416_220635,D:\QCC\raw_videos\20250416_220635.mp4,2025-04-16T22:06:35,2025-04-16,22:06:35,2025,4,16,41.7881,-87.5952,,,129
20250416_222756,D:\QCC\raw_videos\20250416_222756.mp4,2025-04-16T22:27:56,2025-04-16,22:27:56,2025,4,16,41.7881,-87.5952,,,130
20250417_160235,D:\QCC\raw_videos\20250417_160235.mp4,2025-04-17T16:02:35,2025-04-17,16:02:35,2025,4,17,41.7844,-87.6029,,,131
20250419_030334,D:\QCC\raw_videos\20250419_030334.mp4,2025-04-19T03:03:34,2025-04-19,03:03:34,2025,4,19,41.7846,-87.603,,,132
20250419_203752,D:\QCC\raw_videos\20250419_203752.mp4,2025-04-19T20:37:52,2025-04-19,20:37:52,2025,4,19,41.7844,-87.6029,,,133
20250419_222455,D:\QCC\raw_videos\20250419_222455.mp4,2025-04-19T22:24:55,2025-04-19,22:24:55,2025,4,19,41.7965,-87.5977,,,134
20250421_013807,D:\QCC\raw_videos\20250421_013807.mp4,2025-04-21T01:38:07,2025-04-21,01:38:07,2025,4,21,41.7845,-87.6028,,,135
20250422_011330,D:\QCC\raw_videos\20250422_011330.mp4,2025-04-22T01:13:30,2025-04-22,01:13:30,2025,4,22,41.7844,-87.6029,,,136
20250423_003550,D:\QCC\raw_videos\20250423_003550.mp4,2025-04-23T00:35:50,2025-04-23,00:35:50,2025,4,23,41.7844,-87.6029,,,137
20250424_013753,D:\QCC\raw_videos\20250424_013753.mp4,2025-04-24T01:37:53,2025-04-24,01:37:53,2025,4,24,41.7844,-87.6029,,,138
20250424_112214,D:\QCC\raw_videos\20250424_112214.mp4,2025-04-24T11:22:14,2025-04-24,11:22:14,2025,4,24,41.7844,-87.6029,,,139
20250425_235501,D:\QCC\raw_videos\20250425_235501.mp4,2025-04-25T23:55:01,2025-04-25,23:55:01,2025,4,25,41.7926,-87.5867,,,140
20250427_002945,D:\QCC\raw_videos\20250427_002945.mp4,2025-04-27T00:29:45,2025-04-27,00:29:45,2025,4,27,41.7844,-87.6029,,,141
20250427_210918,D:\QCC\raw_videos\20250427_210918.mp4,2025-04-27T21:09:18,2025-04-27,21:09:18,2025,4,27,41.7993,-87.5948,,,142
20250428_152704,D:\QCC\raw_videos\20250428_152704.mp4,2025-04-28T15:27:04,2025-04-28,15:27:04,2025,4,28,41.7967,-87.5771,,,143
20250430_002248,D:\QCC\raw_videos\20250430_002248.mp4,2025-04-30T00:22:48,2025-04-30,00:22:48,2025,4,30,41.7844,-87.6029,,,144
20250501_023719,D:\QCC\raw_videos\20250501_023719.mp4,2025-05-01T02:37:19,2025-05-01,02:37:19,2025,5,1,41.7844,-87.6029,,,145
20250501_165211,D:\QCC\raw_videos\20250501_165211.mp4,2025-05-01T16:52:11,2025-05-01,16:52:11,2025,5,1,41.7882,-87.5991,,,146
20250503_022551,D:\QCC\raw_videos\20250503_022551.mp4,2025-05-03T02:25:51,2025-05-03,02:25:51,2025,5,3,41.7844,-87.6029,,,147
20250503_130557,D:\QCC\raw_videos\20250503_130557.mp4,2025-05-03T13:05:57,2025-05-03,13:05:57,2025,5,3,41.7943,-87.5849,,,148
20250503_215040,D:\QCC\raw_videos\20250503_215040.mp4,2025-05-03T21:50:40,2025-05-03,21:50:40,2025,5,3,41.7904,-87.5829,,,149
20250504_223537,D:\QCC\raw_videos\20250504_223537.mp4,2025-05-04T22:35:37,2025-05-04,22:35:37,2025,5,4,41.7844,-87.6029,,,150
20250505_205911,D:\QCC\raw_videos\20250505_205911.mp4,2025-05-05T20:59:11,2025-05-05,20:59:11,2025,5,5,41.9023,-87.6695,,,151
20250506_140153,D:\QCC\raw_videos\20250506_140153.mp4,2025-05-06T14:01:53,2025-05-06,14:01:53,2025,5,6,41.7902,-87.5996,,,152
20250507_210216,D:\QCC\raw_videos\20250507_210216.mp4,2025-05-07T21:02:16,2025-05-07,21:02:16,2025,5,7,41.8577,-87.6572,,,153
20250507_211004,D:\QCC\raw_videos\20250507_211004.mp4,2025-05-07T21:10:04,2025-05-07,21:10:04,2025,5,7,41.8577,-87.6572,,,154
20250507_221317,D:\QCC\raw_videos\20250507_221317.mp4,2025-05-07T22:13:17,2025-05-07,22:13:17,2025,5,7,41.8577,-87.6572,,,155
20250507_222944,D:\QCC\raw_videos\20250507_222944.mp4,2025-05-07T22:29:44,2025-05-07,22:29:44,2025,5,7,41.8577,-87.6572,,,156
20250509_000301,D:\QCC\raw_videos\20250509_000301.mp4,2025-05-09T00:03:01,2025-05-09,00:03:01,2025,5,9,41.7844,-87.6029,,,157
20250509_225120,D:\QCC\raw_videos\20250509_225120.mp4,2025-05-09T22:51:20,2025-05-09,22:51:20,2025,5,9,41.7843,-87.6029,,,158
20250510_104209,D:\QCC\raw_videos\20250510_104209.mp4,2025-05-10T10:42:09,2025-05-10,10:42:09,2025,5,10,41.937,-87.7201,,,159
20250511_232219,D:\QCC\raw_videos\20250511_232219.mp4,2025-05-11T23:22:19,2025-05-11,23:22:19,2025,5,11,41.7844,-87.6029,,,160
20250512_183400,D:\QCC\raw_videos\20250512_183400.mp4,2025-05-12T18:34:00,2025-05-12,18:34:00,2025,5,12,41.7844,-87.603,,,161
20250513_192744,D:\QCC\raw_videos\20250513_192744.mp4,2025-05-13T19:27:44,2025-05-13,19:27:44,2025,5,13,41.785,-87.6029,,,162
20250514_104229,D:\QCC\raw_videos\20250514_104229.mp4,2025-05-14T10:42:29,2025-05-14,10:42:29,2025,5,14,41.789,-87.6008,,,163
20250514_104424,D:\QCC\raw_videos\20250514_104424.mp4,2025-05-14T10:44:24,2025-05-14,10:44:24,2025,5,14,41.789,-87.6008,,,164
20250514_110333,D:\QCC\raw_videos\20250514_110333.mp4,2025-05-14T11:03:33,2025-05-14,11:03:33,2025,5,14,41.789,-87.6009,,,165
20250516_002244,D:\QCC\raw_videos\20250516_002244.mp4,2025-05-16T00:22:44,2025-05-16,00:22:44,2025,5,16,41.7844,-87.6028,,,166
20250516_215223,D:\QCC\raw_videos\20250516_215223.mp4,2025-05-16T21:52:23,2025-05-16,21:52:23,2025,5,16,41.7844,-87.603,,,167
20250517_132756,D:\QCC\raw_videos\20250517_132756.mp4,2025-05-17T13:27:56,2025-05-17,13:27:56,2025,5,17,41.7908,-87.5993,,,168
20250518_113153,D:\QCC\raw_videos\20250518_113153.mp4,2025-05-18T11:31:53,2025-05-18,11:31:53,2025,5,18,41.7878,-87.6009,,,169
20250518_122358,D:\QCC\raw_videos\20250518_122358.mp4,2025-05-18T12:23:58,2025-05-18,12:23:58,2025,5,18,41.7878,-87.6009,,,170
20250518_122451,D:\QCC\raw_videos\20250518_122451.mp4,2025-05-18T12:24:51,2025-05-18,12:24:51,2025,5,18,41.7878,-87.6009,,,171
20250520_004414,D:\QCC\raw_videos\20250520_004414.mp4,2025-05-20T00:44:14,2025-05-20,00:44:14,2025,5,20,41.7845,-87.6029,,,172
20250520_183834,D:\QCC\raw_videos\20250520_183834.mp4,2025-05-20T18:38:34,2025-05-20,18:38:34,2025,5,20,41.788,-87.5995,,,173
20250521_120426,D:\QCC\raw_videos\20250521_120426.mp4,2025-05-21T12:04:26,2025-05-21,12:04:26,2025,5,21,41.789,-87.6009,,,174
20250522_043532,D:\QCC\raw_videos\20250522_043532.mp4,2025-05-22T04:35:32,2025-05-22,04:35:32,2025,5,22,41.7845,-87.6029,,,175
20250524_012112,D:\QCC\raw_videos\20250524_012112.mp4,2025-05-24T01:21:12,2025-05-24,01:21:12,2025,5,24,41.7844,-87.6029,,,176
20250524_172758,D:\QCC\raw_videos\20250524_172758.mp4,2025-05-24T17:27:58,2025-05-24,17:27:58,2025,5,24,41.7844,-87.6029,,,177
20250525_223520,D:\QCC\raw_videos\20250525_223520.mp4,2025-05-25T22:35:20,2025-05-25,22:35:20,2025,5,25,41.797,-87.5978,,,178
20250526_205718,D:\QCC\raw_videos\20250526_205718.mp4,2025-05-26T20:57:18,2025-05-26,20:57:18,2025,5,26,41.7843,-87.603,,,179
20250528_011702,D:\QCC\raw_videos\20250528_011702.mp4,2025-05-28T01:17:02,2025-05-28,01:17:02,2025,5,28,41.7845,-87.6029,,,180
20250529_004900,D:\QCC\raw_videos\20250529_004900.mp4,2025-05-29T00:49:00,2025-05-29,00:49:00,2025,5,29,41.7844,-87.6028,,,181
20250530_231506,D:\QCC\raw_videos\20250530_231506.mp4,2025-05-30T23:15:06,2025-05-30,23:15:06,2025,5,30,41.7844,-87.6029,,,182
20250601_013314,D:\QCC\raw_videos\20250601_013314.mp4,2025-06-01T01:33:14,2025-06-01,01:33:14,2025,6,1,41.7844,-87.6029,,,183
20250602_001605,D:\QCC\raw_videos\20250602_001605.mp4,2025-06-02T00:16:05,2025-06-02,00:16:05,2025,6,2,41.7844,-87.6029,,,184
20250603_002736,D:\QCC\raw_videos\20250603_002736.mp4,2025-06-03T00:27:36,2025-06-03,00:27:36,2025,6,3,41.7844,-87.6029,,,185
20250603_215920,D:\QCC\raw_videos\20250603_215920.mp4,2025-06-03T21:59:20,2025-06-03,21:59:20,2025,6,3,41.9169,-87.6891,,,186
20250605_022714,D:\QCC\raw_videos\20250605_022714.mp4,2025-06-05T02:27:14,2025-06-05,02:27:14,2025,6,5,41.7844,-87.6029,,,187
20250605_164830,D:\QCC\raw_videos\20250605_164830.mp4,2025-06-05T16:48:30,2025-06-05,16:48:30,2025,6,5,42.3679,-87.9324,,,188
20250606_042628,D:\QCC\raw_videos\20250606_042628.mp4,2025-06-06T04:26:28,2025-06-06,04:26:28,2025,6,6,41.7844,-87.6029,,,189
20250606_232543,D:\QCC\raw_videos\20250606_232543.mp4,2025-06-06T23:25:43,2025-06-06,23:25:43,2025,6,6,41.7993,-87.5935,,,190
20250609_022830,D:\QCC\raw_videos\20250609_022830.mp4,2025-06-09T02:28:30,2025-06-09,02:28:30,2025,6,9,41.7844,-87.6029,,,191
20250610_002820,D:\QCC\raw_videos\20250610_002820.mp4,2025-06-10T00:28:20,2025-06-10,00:28:20,2025,6,10,41.7844,-87.6028,,,192
20250611_012123,D:\QCC\raw_videos\20250611_012123.mp4,2025-06-11T01:21:23,2025-06-11,01:21:23,2025,6,11,41.7843,-87.6028,,,193
20250611_103956,D:\QCC\raw_videos\20250611_103956.mp4,2025-06-11T10:39:56,2025-06-11,10:39:56,2025,6,11,41.7867,-87.601,,,194
20250613_012345,D:\QCC\raw_videos\20250613_012345.mp4,2025-06-13T01:23:45,2025-06-13,01:23:45,2025,6,13,41.7843,-87.6029,,,195
20250613_202953,D:\QCC\raw_videos\20250613_202953.mp4,2025-06-13T20:29:53,2025-06-13,20:29:53,2025,6,13,41.9723,-87.6601,,,196
20250614_090318,D:\QCC\raw_videos\20250614_090318.mp4,2025-06-14T09:03:18,2025-06-14,09:03:18,2025,6,14,41.7914,-87.5974,,,197
20250615_205708,D:\QCC\raw_videos\20250615_205708.mp4,2025-06-15T20:57:08,2025-06-15,20:57:08,2025,6,15,47.5196,19.0197,,,198
20250616_112517,D:\QCC\raw_videos\20250616_112517.mp4,2025-06-16T11:25:17,2025-06-16,11:25:17,2025,6,16,0.0,0.0,,,199
20250617_205058,D:\QCC\raw_videos\20250617_205058.mp4,2025-06-17T20:50:58,2025-06-17,20:50:58,2025,6,17,47.5196,19.0197,,,200
20250618_142229,D:\QCC\raw_videos\20250618_142229.mp4,2025-06-18T14:22:29,2025-06-18,14:22:29,2025,6,18,0.0,0.0,,,201
20250619_180402,D:\QCC\raw_videos\20250619_180402.mp4,2025-06-19T18:04:02,2025-06-19,18:04:02,2025,6,19,47.5695,18.8991,,,202
20250619_181942,D:\QCC\raw_videos\20250619_181942.mp4,2025-06-19T18:19:42,2025-06-19,18:19:42,2025,6,19,47.5695,18.8991,,,203
20250620_170914,D:\QCC\raw_videos\20250620_170914.mp4,2025-06-20T17:09:14,2025-06-20,17:09:14,2025,6,20,47.5131,19.0464,,,204
20250620_171022,D:\QCC\raw_videos\20250620_171022.mp4,2025-06-20T17:10:22,2025-06-20,17:10:22,2025,6,20,47.5091,19.0454,,,205
20250621_215023,D:\QCC\raw_videos\20250621_215023.mp4,2025-06-21T21:50:23,2025-06-21,21:50:23,2025,6,21,47.5214,19.021,,,206
20250622_194848,D:\QCC\raw_videos\20250622_194848.mp4,2025-06-22T19:48:48,2025-06-22,19:48:48,2025,6,22,47.5138,19.0489,,,207
20250624_053459,D:\QCC\raw_videos\20250624_053459.mp4,2025-06-24T05:34:59,2025-06-24,05:34:59,2025,6,24,22.6288,113.8095,,,208
20250624_123544,D:\QCC\raw_videos\20250624_123544.mp4,2025-06-24T12:35:44,2025-06-24,12:35:44,2025,6,24,0.0,0.0,,,209
20250625_220247,D:\QCC\raw_videos\20250625_220247.mp4,2025-06-25T22:02:47,2025-06-25,22:02:47,2025,6,25,39.9263,116.5944,,,210
20250626_190408,D:\QCC\raw_videos\20250626_190408.mp4,2025-06-26T19:04:08,2025-06-26,19:04:08,2025,6,26,39.9231,116.5939,,,211
20250626_191106,D:\QCC\raw_videos\20250626_191106.mp4,2025-06-26T19:11:06,2025-06-26,19:11:06,2025,6,26,39.9238,116.5962,,,212
20250627_145913,D:\QCC\raw_videos\20250627_145913.mp4,2025-06-27T14:59:13,2025-06-27,14:59:13,2025,6,27,39.924,116.5933,,,213
20250628_100137,D:\QCC\raw_videos\20250628_100137.mp4,2025-06-28T10:01:37,2025-06-28,10:01:37,2025,6,28,39.9071,116.4713,,,214
20250629_132248,D:\QCC\raw_videos\20250629_132248.mp4,2025-06-29T13:22:48,2025-06-29,13:22:48,2025,6,29,40.3682,116.6688,,,215
20250630_210147,D:\QCC\raw_videos\20250630_210147.mp4,2025-06-30T21:01:47,2025-06-30,21:01:47,2025,6,30,39.927,116.4742,,,216
20250701_024918,D:\QCC\raw_videos\20250701_024918.mp4,2025-07-01T02:49:18,2025-07-01,02:49:18,2025,7,1,39.9283,116.4377,,,217
20250702_211230,D:\QCC\raw_videos\20250702_211230.mp4,2025-07-02T21:12:30,2025-07-02,21:12:30,2025,7,2,39.9231,116.5929,,,218
20250704_121526,D:\QCC\raw_videos\20250704_121526.mp4,2025-07-04T12:15:26,2025-07-04,12:15:26,2025,7,4,0.0,0.0,,,219
20250705_151227,D:\QCC\raw_videos\20250705_151227.mp4,2025-07-05T15:12:27,2025-07-05,15:12:27,2025,7,5,39.924,116.5924,,,220
20250707_004908,D:\QCC\raw_videos\20250707_004908.mp4,2025-07-07T00:49:08,2025-07-07,00:49:08,2025,7,7,39.9235,116.5925,,,221
20250708_011632,D:\QCC\raw_videos\20250708_011632.mp4,2025-07-08T01:16:32,2025-07-08,01:16:32,2025,7,8,39.9235,116.5925,,,222
20250708_201343,D:\QCC\raw_videos\20250708_201343.mp4,2025-07-08T20:13:43,2025-07-08,20:13:43,2025,7,8,39.9241,116.5957,,,223
20250710_003832,D:\QCC\raw_videos\20250710_003832.mp4,2025-07-10T00:38:32,2025-07-10,00:38:32,2025,7,10,39.9237,116.5948,,,224
20250711_015326,D:\QCC\raw_videos\20250711_015326.mp4,2025-07-11T01:53:26,2025-07-11,01:53:26,2025,7,11,39.9248,116.5949,,,225
20250711_171330,D:\QCC\raw_videos\20250711_171330.mp4,2025-07-11T17:13:30,2025-07-11,17:13:30,2025,7,11,39.9246,116.357,,,226
20250712_020614,D:\QCC\raw_videos\20250712_020614.mp4,2025-07-12T02:06:14,2025-07-12,02:06:14,2025,7,12,39.925,116.5937,,,227
20250713_015824,D:\QCC\raw_videos\20250713_015824.mp4,2025-07-13T01:58:24,2025-07-13,01:58:24,2025,7,13,39.9233,116.4105,,,228
20250714_122953,D:\QCC\raw_videos\20250714_122953.mp4,2025-07-14T12:29:53,2025-07-14,12:29:53,2025,7,14,39.9248,116.5949,,,229
20250715_200225,D:\QCC\raw_videos\20250715_200225.mp4,2025-07-15T20:02:25,2025-07-15,20:02:25,2025,7,15,39.9473,116.4707,,,230
20250715_212315,D:\QCC\raw_videos\20250715_212315.mp4,2025-07-15T21:23:15,2025-07-15,21:23:15,2025,7,15,39.9475,116.4647,,,231
20250717_023051,D:\QCC\raw_videos\20250717_023051.mp4,2025-07-17T02:30:51,2025-07-17,02:30:51,2025,7,17,39.9316,116.4478,,,232
20250717_191404,D:\QCC\raw_videos\20250717_191404.mp4,2025-07-17T19:14:04,2025-07-17,19:14:04,2025,7,17,39.9248,116.5948,,,233
20250719_011101,D:\QCC\raw_videos\20250719_011101.mp4,2025-07-19T01:11:01,2025-07-19,01:11:01,2025,7,19,0.0,0.0,,,234
20250719_214916,D:\QCC\raw_videos\20250719_214916.mp4,2025-07-19T21:49:16,2025-07-19,21:49:16,2025,7,19,39.9248,116.5947,,,235
20250720_204648,D:\QCC\raw_videos\20250720_204648.mp4,2025-07-20T20:46:48,2025-07-20,20:46:48,2025,7,20,39.9241,116.5964,,,236
20250721_124406,D:\QCC\raw_videos\20250721_124406.mp4,2025-07-21T12:44:06,2025-07-21,12:44:06,2025,7,21,0.0,0.0,,,237
20250722_120100,D:\QCC\raw_videos\20250722_120100.mp4,2025-07-22T12:01:00,2025-07-22,12:01:00,2025,7,22,42.8714,129.4872,,,238
20250723_194128,D:\QCC\raw_videos\20250723_194128.mp4,2025-07-23T19:41:28,2025-07-23,19:41:28,2025,7,23,45.7714,126.6132,,,239
20250724_134408,D:\QCC\raw_videos\20250724_134408.mp4,2025-07-24T13:44:08,2025-07-24,13:44:08,2025,7,24,45.7695,126.6136,,,240
20250726_003652,D:\QCC\raw_videos\20250726_003652.mp4,2025-07-26T00:36:52,2025-07-26,00:36:52,2025,7,26,39.9236,116.5961,,,241
20250726_143140,D:\QCC\raw_videos\20250726_143140.mp4,2025-07-26T14:31:40,2025-07-26,14:31:40,2025,7,26,39.9332,116.1527,,,242
20250727_190929,D:\QCC\raw_videos\20250727_190929.mp4,2025-07-27T19:09:29,2025-07-27,19:09:29,2025,7,27,39.924,116.5929,,,243
20250729_013322,D:\QCC\raw_videos\20250729_013322.mp4,2025-07-29T01:33:22,2025-07-29,01:33:22,2025,7,29,39.9236,116.5961,,,244
20250730_022104,D:\QCC\raw_videos\20250730_022104.mp4,2025-07-30T02:21:04,2025-07-30,02:21:04,2025,7,30,39.9236,116.5961,,,245
20250730_204731,D:\QCC\raw_videos\20250730_204731.mp4,2025-07-30T20:47:31,2025-07-30,20:47:31,2025,7,30,39.9111,116.4546,,,246
20250730_232022,D:\QCC\raw_videos\20250730_232022.mp4,2025-07-30T23:20:22,2025-07-30,23:20:22,2025,7,30,39.9277,116.438,,,247
20250731_212453,D:\QCC\raw_videos\20250731_212453.mp4,2025-07-31T21:24:53,2025-07-31,21:24:53,2025,7,31,39.9794,116.4839,,,248
20250801_180413,D:\QCC\raw_videos\20250801_180413.mp4,2025-08-01T18:04:13,2025-08-01,18:04:13,2025,8,1,39.9236,116.596,,,249
20250802_201025,D:\QCC\raw_videos\20250802_201025.mp4,2025-08-02T20:10:25,2025-08-02,20:10:25,2025,8,2,39.1121,117.198,,,250
20250803_233102,D:\QCC\raw_videos\20250803_233102.mp4,2025-08-03T23:31:02,2025-08-03,23:31:02,2025,8,3,30.2826,119.9966,,,251
20250804_120805,D:\QCC\raw_videos\20250804_120805.mp4,2025-08-04T12:08:05,2025-08-04,12:08:05,2025,8,4,30.2826,120.0227,,,252
20250805_133353,D:\QCC\raw_videos\20250805_133353.mp4,2025-08-05T13:33:53,2025-08-05,13:33:53,2025,8,5,30.3214,120.0321,,,253
20250806_232538,D:\QCC\raw_videos\20250806_232538.mp4,2025-08-06T23:25:38,2025-08-06,23:25:38,2025,8,6,30.2822,119.9948,,,254
20250807_235701,D:\QCC\raw_videos\20250807_235701.mp4,2025-08-07T23:57:01,2025-08-07,23:57:01,2025,8,7,30.2822,119.9948,,,255
20250808_170321,D:\QCC\raw_videos\20250808_170321.mp4,2025-08-08T17:03:21,2025-08-08,17:03:21,2025,8,8,30.2842,120.0212,,,256
20250810_002533,D:\QCC\raw_videos\20250810_002533.mp4,2025-08-10T00:25:33,2025-08-10,00:25:33,2025,8,10,30.2822,119.9948,,,257
20250810_120829,D:\QCC\raw_videos\20250810_120829.mp4,2025-08-10T12:08:29,2025-08-10,12:08:29,2025,8,10,30.3013,119.9827,,,258
20250811_120622,D:\QCC\raw_videos\20250811_120622.mp4,2025-08-11T12:06:22,2025-08-11,12:06:22,2025,8,11,31.2438,121.4869,,,259
20250812_191314,D:\QCC\raw_videos\20250812_191314.mp4,2025-08-12T19:13:14,2025-08-12,19:13:14,2025,8,12,31.2393,121.4935,,,260
20250813_201724,D:\QCC\raw_videos\20250813_201724.mp4,2025-08-13T20:17:24,2025-08-13,20:17:24,2025,8,13,31.2418,121.4749,,,261
20250814_215439,D:\QCC\raw_videos\20250814_215439.mp4,2025-08-14T21:54:39,2025-08-14,21:54:39,2025,8,14,31.2471,121.4857,,,262
20250816_020503,D:\QCC\raw_videos\20250816_020503.mp4,2025-08-16T02:05:03,2025-08-16,02:05:03,2025,8,16,31.2465,121.4852,,,263
20250816_142750,D:\QCC\raw_videos\20250816_142750.mp4,2025-08-16T14:27:50,2025-08-16,14:27:50,2025,8,16,29.6622,120.1732,,,264
20250817_130357,D:\QCC\raw_videos\20250817_130357.mp4,2025-08-17T13:03:57,2025-08-17,13:03:57,2025,8,17,0.0,0.0,,,265
20250819_013731,D:\QCC\raw_videos\20250819_013731.mp4,2025-08-19T01:37:31,2025-08-19,01:37:31,2025,8,19,39.9071,116.4436,,,266
20250820_013407,D:\QCC\raw_videos\20250820_013407.mp4,2025-08-20T01:34:07,2025-08-20,01:34:07,2025,8,20,39.9236,116.5959,,,267
20250821_004430,D:\QCC\raw_videos\20250821_004430.mp4,2025-08-21T00:44:30,2025-08-21,00:44:30,2025,8,21,39.9236,116.596,,,268
20250821_202742,D:\QCC\raw_videos\20250821_202742.mp4,2025-08-21T20:27:42,2025-08-21,20:27:42,2025,8,21,39.9239,116.5927,,,269
20250823_012057,D:\QCC\raw_videos\20250823_012057.mp4,2025-08-23T01:20:57,2025-08-23,01:20:57,2025,8,23,39.9236,116.5961,,,270
20250824_005749,D:\QCC\raw_videos\20250824_005749.mp4,2025-08-24T00:57:49,2025-08-24,00:57:49,2025,8,24,39.9236,116.596,,,271
20250824_223906,D:\QCC\raw_videos\20250824_223906.mp4,2025-08-24T22:39:06,2025-08-24,22:39:06,2025,8,24,39.9243,116.594,,,272
20250825_160511,D:\QCC\raw_videos\20250825_160511.mp4,2025-08-25T16:05:11,2025-08-25,16:05:11,2025,8,25,39.9252,116.5941,,,273
20250825_184037,D:\QCC\raw_videos\20250825_184037.mp4,2025-08-25T18:40:37,2025-08-25,18:40:37,2025,8,25,39.9236,116.596,,,274
20250826_212337,D:\QCC\raw_videos\20250826_212337.mp4,2025-08-26T21:23:37,2025-08-26,21:23:37,2025,8,26,39.925,116.5963,,,275
20250827_191439,D:\QCC\raw_videos\20250827_191439.mp4,2025-08-27T19:14:39,2025-08-27,19:14:39,2025,8,27,40.0563,116.5396,,,276
20250829_011610,D:\QCC\raw_videos\20250829_011610.mp4,2025-08-29T01:16:10,2025-08-29,01:16:10,2025,8,29,39.9236,116.596,,,277
20250829_151850,D:\QCC\raw_videos\20250829_151850.mp4,2025-08-29T15:18:50,2025-08-29,15:18:50,2025,8,29,39.9289,116.5342,,,278
20250830_222049,D:\QCC\raw_videos\20250830_222049.mp4,2025-08-30T22:20:49,2025-08-30,22:20:49,2025,8,30,39.8746,116.4524,,,279
20250901_013924,D:\QCC\raw_videos\20250901_013924.mp4,2025-09-01T01:39:24,2025-09-01,01:39:24,2025,9,1,39.9236,116.596,,,280
20250901_191207,D:\QCC\raw_videos\20250901_191207.mp4,2025-09-01T19:12:07,2025-09-01,19:12:07,2025,9,1,39.9236,116.596,,,281
20250902_222531,D:\QCC\raw_videos\20250902_222531.mp4,2025-09-02T22:25:31,2025-09-02,22:25:31,2025,9,2,39.1329,117.2016,,,282
20250903_223227,D:\QCC\raw_videos\20250903_223227.mp4,2025-09-03T22:32:27,2025-09-03,22:32:27,2025,9,3,39.9257,116.5932,,,283
20250904_213636,D:\QCC\raw_videos\20250904_213636.mp4,2025-09-04T21:36:36,2025-09-04,21:36:36,2025,9,4,22.6289,113.8095,,,284
20250905_193807,D:\QCC\raw_videos\20250905_193807.mp4,2025-09-05T19:38:07,2025-09-05,19:38:07,2025,9,5,47.5196,19.0197,,,285
20250906_213351,D:\QCC\raw_videos\20250906_213351.mp4,2025-09-06T21:33:51,2025-09-06,21:33:51,2025,9,6,47.5197,19.0195,,,286
20250907_224137,D:\QCC\raw_videos\20250907_224137.mp4,2025-09-07T22:41:37,2025-09-07,22:41:37,2025,9,7,47.5197,19.0196,,,287
20250908_235412,D:\QCC\raw_videos\20250908_235412.mp4,2025-09-08T23:54:12,2025-09-08,23:54:12,2025,9,8,47.5197,19.0196,,,288
20250909_222207,D:\QCC\raw_videos\20250909_222207.mp4,2025-09-09T22:22:07,2025-09-09,22:22:07,2025,9,9,47.5197,19.0195,,,289
20250911_142507,D:\QCC\raw_videos\20250911_142507.mp4,2025-09-11T14:25:07,2025-09-11,14:25:07,2025,9,11,41.7844,-87.6028,,,290
20250912_235930,D:\QCC\raw_videos\20250912_235930.mp4,2025-09-12T23:59:30,2025-09-12,23:59:30,2025,9,12,41.7845,-87.6029,,,291
20250914_003109,D:\QCC\raw_videos\20250914_003109.mp4,2025-09-14T00:31:09,2025-09-14,00:31:09,2025,9,14,0.0,0.0,,,292
20250914_222720,D:\QCC\raw_videos\20250914_222720.mp4,2025-09-14T22:27:20,2025-09-14,22:27:20,2025,9,14,41.7845,-87.6029,,,293
20250915_230447,D:\QCC\raw_videos\20250915_230447.mp4,2025-09-15T23:04:47,2025-09-15,23:04:47,2025,9,15,41.7844,-87.603,,,294
20250916_214051,D:\QCC\raw_videos\20250916_214051.mp4,2025-09-16T21:40:51,2025-09-16,21:40:51,2025,9,16,41.9394,-87.7172,,,295
20250917_235926,D:\QCC\raw_videos\20250917_235926.mp4,2025-09-17T23:59:26,2025-09-17,23:59:26,2025,9,17,41.7844,-87.6029,,,296
20250918_144158,D:\QCC\raw_videos\20250918_144158.mp4,2025-09-18T14:41:58,2025-09-18,14:41:58,2025,9,18,41.7846,-87.6029,,,297
20250919_200324,D:\QCC\raw_videos\20250919_200324.mp4,2025-09-19T20:03:24,2025-09-19,20:03:24,2025,9,19,41.9037,-87.6314,,,298
20250920_234037,D:\QCC\raw_videos\20250920_234037.mp4,2025-09-20T23:40:37,2025-09-20,23:40:37,2025,9,20,41.7844,-87.6029,,,299
20250921_213307,D:\QCC\raw_videos\20250921_213307.mp4,2025-09-21T21:33:07,2025-09-21,21:33:07,2025,9,21,41.7952,-87.5823,,,300
20250922_221423,D:\QCC\raw_videos\20250922_221423.mp4,2025-09-22T22:14:23,2025-09-22,22:14:23,2025,9,22,41.9039,-87.6285,,,301
20250923_221558,D:\QCC\raw_videos\20250923_221558.mp4,2025-09-23T22:15:58,2025-09-23,22:15:58,2025,9,23,41.7844,-87.6028,,,302
20250925_181756,D:\QCC\raw_videos\20250925_181756.mp4,2025-09-25T18:17:56,2025-09-25,18:17:56,2025,9,25,41.7868,-87.6013,,,303
20250927_001255,D:\QCC\raw_videos\20250927_001255.mp4,2025-09-27T00:12:55,2025-09-27,00:12:55,2025,9,27,41.7844,-87.6029,,,304
20250927_212932,D:\QCC\raw_videos\20250927_212932.mp4,2025-09-27T21:29:32,2025-09-27,21:29:32,2025,9,27,41.8483,-87.6422,,,305
20250929_011009,D:\QCC\raw_videos\20250929_011009.mp4,2025-09-29T01:10:09,2025-09-29,01:10:09,2025,9,29,41.7845,-87.6029,,,306
20250929_165756,D:\QCC\raw_videos\20250929_165756.mp4,2025-09-29T16:57:56,2025-09-29,16:57:56,2025,9,29,41.7856,-87.6034,,,307
20250930_232610,D:\QCC\raw_videos\20250930_232610.mp4,2025-09-30T23:26:10,2025-09-30,23:26:10,2025,9,30,41.7846,-87.6029,,,308
20251002_002455,D:\QCC\raw_videos\20251002_002455.mp4,2025-10-02T00:24:55,2025-10-02,00:24:55,2025,10,2,41.7844,-87.6029,,,309
20251003_000308,D:\QCC\raw_videos\20251003_000308.mp4,2025-10-03T00:03:08,2025-10-03,00:03:08,2025,10,3,41.7844,-87.6029,,,310
20251003_211739,D:\QCC\raw_videos\20251003_211739.mp4,2025-10-03T21:17:39,2025-10-03,21:17:39,2025,10,3,41.7843,-87.603,,,311
20251005_012718,D:\QCC\raw_videos\20251005_012718.mp4,2025-10-05T01:27:18,2025-10-05,01:27:18,2025,10,5,41.7844,-87.6028,,,312
20251005_182643,D:\QCC\raw_videos\20251005_182643.mp4,2025-10-05T18:26:43,2025-10-05,18:26:43,2025,10,5,41.831,-87.6489,,,313
20251006_235251,D:\QCC\raw_videos\20251006_235251.mp4,2025-10-06T23:52:51,2025-10-06,23:52:51,2025,10,6,41.7844,-87.6029,,,314
20251007_214206,D:\QCC\raw_videos\20251007_214206.mp4,2025-10-07T21:42:06,2025-10-07,21:42:06,2025,10,7,41.8648,-87.6392,,,315
20251008_230637,D:\QCC\raw_videos\20251008_230637.mp4,2025-10-08T23:06:37,2025-10-08,23:06:37,2025,10,8,41.7845,-87.6029,,,316
20251009_194544,D:\QCC\raw_videos\20251009_194544.mp4,2025-10-09T19:45:44,2025-10-09,19:45:44,2025,10,9,41.7845,-87.6028,,,317
20251010_182549,D:\QCC\raw_videos\20251010_182549.mp4,2025-10-10T18:25:49,2025-10-10,18:25:49,2025,10,10,41.7993,-87.5835,,,318
20251012_003353,D:\QCC\raw_videos\20251012_003353.mp4,2025-10-12T00:33:53,2025-10-12,00:33:53,2025,10,12,41.7845,-87.6029,,,319
20251012_211248,D:\QCC\raw_videos\20251012_211248.mp4,2025-10-12T21:12:48,2025-10-12,21:12:48,2025,10,12,41.7845,-87.6029,,,320
20251013_172740,D:\QCC\raw_videos\20251013_172740.mp4,2025-10-13T17:27:40,2025-10-13,17:27:40,2025,10,13,41.7966,-87.5979,,,321
20251014_182605,D:\QCC\raw_videos\20251014_182605.mp4,2025-10-14T18:26:05,2025-10-14,18:26:05,2025,10,14,41.9078,-87.6736,,,322
20251015_221821,D:\QCC\raw_videos\20251015_221821.mp4,2025-10-15T22:18:21,2025-10-15,22:18:21,2025,10,15,41.7871,-87.6013,,,323
20251017_012945,D:\QCC\raw_videos\20251017_012945.mp4,2025-10-17T01:29:45,2025-10-17,01:29:45,2025,10,17,41.7848,-87.6028,,,324
20251018_014044,D:\QCC\raw_videos\20251018_014044.mp4,2025-10-18T01:40:44,2025-10-18,01:40:44,2025,10,18,41.7844,-87.6029,,,325
20251018_181703,D:\QCC\raw_videos\20251018_181703.mp4,2025-10-18T18:17:03,2025-10-18,18:17:03,2025,10,18,41.8501,-87.6442,,,326
20251019_165145,D:\QCC\raw_videos\20251019_165145.mp4,2025-10-19T16:51:45,2025-10-19,16:51:45,2025,10,19,41.7845,-87.603,,,327
20251021_004016,D:\QCC\raw_videos\20251021_004016.mp4,2025-10-21T00:40:16,2025-10-21,00:40:16,2025,10,21,41.7844,-87.6029,,,328
20251021_161113,D:\QCC\raw_videos\20251021_161113.mp4,2025-10-21T16:11:13,2025-10-21,16:11:13,2025,10,21,41.7906,-87.6026,,,329
20251022_234229,D:\QCC\raw_videos\20251022_234229.mp4,2025-10-22T23:42:29,2025-10-22,23:42:29,2025,10,22,41.7845,-87.6029,,,330
20251024_234948,D:\QCC\raw_videos\20251024_234948.mp4,2025-10-24T23:49:48,2025-10-24,23:49:48,2025,10,24,41.9044,-87.6641,,,331
20251026_015947,D:\QCC\raw_videos\20251026_015947.mp4,2025-10-26T01:59:47,2025-10-26,01:59:47,2025,10,26,41.7845,-87.6029,,,332
20251027_003117,D:\QCC\raw_videos\20251027_003117.mp4,2025-10-27T00:31:17,2025-10-27,00:31:17,2025,10,27,41.7844,-87.6029,,,333
20251028_015515,D:\QCC\raw_videos\20251028_015515.mp4,2025-10-28T01:55:15,2025-10-28,01:55:15,2025,10,28,41.7844,-87.6027,,,334
20251028_235509,D:\QCC\raw_videos\20251028_235509.mp4,2025-10-28T23:55:09,2025-10-28,23:55:09,2025,10,28,41.7844,-87.6029,,,335
20251029_235642,D:\QCC\raw_videos\20251029_235642.mp4,2025-10-29T23:56:42,2025-10-29,23:56:42,2025,10,29,41.7845,-87.6029,,,336
20251030_222808,D:\QCC\raw_videos\20251030_222808.mp4,2025-10-30T22:28:08,2025-10-30,22:28:08,2025,10,30,41.7881,-87.5999,,,337
20251101_023521,D:\QCC\raw_videos\20251101_023521.mp4,2025-11-01T02:35:21,2025-11-01,02:35:21,2025,11,1,41.7844,-87.6029,,,338
20251102_005302,D:\QCC\raw_videos\20251102_005302.mp4,2025-11-02T00:53:02,2025-11-02,00:53:02,2025,11,2,41.7845,-87.6029,,,339
20251102_232633,D:\QCC\raw_videos\20251102_232633.mp4,2025-11-02T23:26:33,2025-11-02,23:26:33,2025,11,2,41.7842,-87.6029,,,340
20251103_224525,D:\QCC\raw_videos\20251103_224525.mp4,2025-11-03T22:45:25,2025-11-03,22:45:25,2025,11,3,41.7882,-87.6005,,,341
20251104_222632,D:\QCC\raw_videos\20251104_222632.mp4,2025-11-04T22:26:32,2025-11-04,22:26:32,2025,11,4,41.7845,-87.6029,,,342
20251105_143008,D:\QCC\raw_videos\20251105_143008.mp4,2025-11-05T14:30:08,2025-11-05,14:30:08,2025,11,5,41.7905,-87.6027,,,343
20251106_111653,D:\QCC\raw_videos\20251106_111653.mp4,2025-11-06T11:16:53,2025-11-06,11:16:53,2025,11,6,41.7841,-87.6062,,,344
20251107_212750,D:\QCC\raw_videos\20251107_212750.mp4,2025-11-07T21:27:50,2025-11-07,21:27:50,2025,11,7,41.8866,-87.6313,,,345
20251108_203707,D:\QCC\raw_videos\20251108_203707.mp4,2025-11-08T20:37:07,2025-11-08,20:37:07,2025,11,8,41.8917,-87.5993,,,346
20251109_204619,D:\QCC\raw_videos\20251109_204619.mp4,2025-11-09T20:46:19,2025-11-09,20:46:19,2025,11,9,41.7844,-87.603,,,347
20251110_131217,D:\QCC\raw_videos\20251110_131217.mp4,2025-11-10T13:12:17,2025-11-10,13:12:17,2025,11,10,41.7867,-87.601,,,348
20251111_223652,D:\QCC\raw_videos\20251111_223652.mp4,2025-11-11T22:36:52,2025-11-11,22:36:52,2025,11,11,41.7914,-87.5999,,,349
20251112_224659,D:\QCC\raw_videos\20251112_224659.mp4,2025-11-12T22:46:59,2025-11-12,22:46:59,2025,11,12,41.7845,-87.6029,,,350
20251114_003658,D:\QCC\raw_videos\20251114_003658.mp4,2025-11-14T00:36:58,2025-11-14,00:36:58,2025,11,14,41.7844,-87.6029,,,351
20251114_165242,D:\QCC\raw_videos\20251114_165242.mp4,2025-11-14T16:52:42,2025-11-14,16:52:42,2025,11,14,41.8951,-87.6295,,,352
20251116_011116,D:\QCC\raw_videos\20251116_011116.mp4,2025-11-16T01:11:16,2025-11-16,01:11:16,2025,11,16,41.7844,-87.6029,,,353
20251116_235348,D:\QCC\raw_videos\20251116_235348.mp4,2025-11-16T23:53:48,2025-11-16,23:53:48,2025,11,16,41.7844,-87.6029,,,354
20251117_231553,D:\QCC\raw_videos\20251117_231553.mp4,2025-11-17T23:15:53,2025-11-17,23:15:53,2025,11,17,41.7845,-87.603,,,355
20251118_232639,D:\QCC\raw_videos\20251118_232639.mp4,2025-11-18T23:26:39,2025-11-18,23:26:39,2025,11,18,41.8673,-87.6321,,,356
