clip_id,tags,tag_1,tag_1_score,tag_2,tag_2_score,tag_3,tag_3_score,tag_4,tag_4_score,tag_5,tag_5_score
20250101_000056,"Past, Close, Window, Far, Bedroom",Past,0.24680495262145996,Close,0.24283519387245178,Window,0.24229633808135986,Far,0.24134880304336548,Bedroom,0.23675349354743958
20250101_145958,"Day, Atmosphere, Close, Far, Past",Day,0.20803093910217285,Atmosphere,0.20648829638957977,Close,0.20588505268096924,Far,0.20481827855110168,Past,0.20398668944835663
20250102_104424,"Atmosphere, Far, Day, Winter, Rain",Atmosphere,0.27673396468162537,Far,0.25564804673194885,Day,0.254991352558136,Winter,0.2541515529155731,Rain,0.2519431710243225
20250102_193004,"Night, Far, Atmosphere, Close, Alone",Night,0.24226723611354828,Far,0.22948861122131348,Atmosphere,0.2259582281112671,Close,0.21840162575244904,Alone,0.21786624193191528
20250102_203403,"Night, Far, Atmosphere, Past, Close",Night,0.25907719135284424,Far,0.2326490432024002,Atmosphere,0.23071160912513733,Past,0.23008520901203156,Close,0.22991624474525452
20250103_104211,"Atmosphere, Far, Close, Bedroom, Past",Atmosphere,0.24730223417282104,Far,0.24196386337280273,Close,0.23447829484939575,Bedroom,0.2333165556192398,Past,0.23220916092395782
20250103_105148,"Rain, Day, Close, Far, Window",Rain,0.2563638389110565,Day,0.23747314512729645,Close,0.2374146729707718,Far,0.2331477254629135,Window,0.23072421550750732
20250103_121226,"Window, Past, Close, Bedroom, Far",Window,0.2595755457878113,Past,0.2561957538127899,Close,0.25367259979248047,Bedroom,0.2530246376991272,Far,0.24337005615234375
20250103_144208,"Atmosphere, Far, Alone, Friends, Close",Atmosphere,0.25196680426597595,Far,0.24596795439720154,Alone,0.2448849231004715,Friends,0.2420939952135086,Close,0.24174842238426208
20250103_221818,"Bedroom, Alone, Close, Thoughts, Self",Bedroom,0.28395670652389526,Alone,0.2636133134365082,Close,0.26039889454841614,Thoughts,0.25889116525650024,Self,0.25793156027793884
20250104_224628,"Atmosphere, Night, Far, Close, Fun",Atmosphere,0.23392650485038757,Night,0.23337233066558838,Far,0.2289043813943863,Close,0.2284526824951172,Fun,0.22836507856845856
20250104_225903,"Close, Now, Alone, Fun, Night",Close,0.24085766077041626,Now,0.23520565032958984,Alone,0.23440957069396973,Fun,0.2321384847164154,Night,0.23005707561969757
20250105_012732,"Close, Fun, Atmosphere, Night, Bedroom",Close,0.2459530085325241,Fun,0.2392260879278183,Atmosphere,0.23719902336597443,Night,0.23702862858772278,Bedroom,0.23697009682655334
20250105_215719,"Fun, Close, Far, Now, Thoughts",Fun,0.22201214730739594,Close,0.2177119106054306,Far,0.21302324533462524,Now,0.2127162367105484,Thoughts,0.21048079431056976
20250106_164633,"Snow, Winter, Window, Spring, Close",Snow,0.27827733755111694,Winter,0.2653827667236328,Window,0.2555571496486664,Spring,0.24715188145637512,Close,0.23920124769210815
20250106_164702,"Snow, Winter, Alone, Rain, Far",Snow,0.27794960141181946,Winter,0.2731700539588928,Alone,0.2605358362197876,Rain,0.25932857394218445,Far,0.25730225443840027
20250107_230422,"Snow, Winter, Night, Close, Rain",Snow,0.2726162374019623,Winter,0.26046013832092285,Night,0.25579577684402466,Close,0.2433357536792755,Rain,0.24288330972194672
20250108_144955,"Window, Rain, Bedroom, Thoughts, Snow",Window,0.2981317937374115,Rain,0.27432921528816223,Bedroom,0.26990920305252075,Thoughts,0.26794612407684326,Snow,0.26284927129745483
20250109_195148,"Thoughts, Self, Close, Bedroom, Window",Thoughts,0.2465912252664566,Self,0.24408386647701263,Close,0.24089151620864868,Bedroom,0.2400260716676712,Window,0.23821735382080078
20250110_124218,"Fun, Far, Winter, Spring, Snow",Fun,0.20910775661468506,Far,0.20561566948890686,Winter,0.20487849414348602,Spring,0.20434331893920898,Snow,0.2024863362312317
20250111_083556,"Day, Snow, Spring, Past, Winter",Day,0.22184179723262787,Snow,0.21993295848369598,Spring,0.21945729851722717,Past,0.21753928065299988,Winter,0.2124088704586029
20250111_083833,"Snow, Winter, Spring, Window, Close",Snow,0.2645765542984009,Winter,0.2584525942802429,Spring,0.2576037347316742,Window,0.25491252541542053,Close,0.24889591336250305
20250112_155218,"Snow, Winter, Day, Fun, Spring",Snow,0.2311810851097107,Winter,0.22844764590263367,Day,0.21302583813667297,Fun,0.21163535118103027,Spring,0.21011309325695038
20250112_163052,"Winter, Snow, Day, Spring, Alone",Winter,0.2520965039730072,Snow,0.24636921286582947,Day,0.237201988697052,Spring,0.23719927668571472,Alone,0.23568913340568542
20250113_210747,"Bedroom, Self, Close, Past, Thoughts",Bedroom,0.25462985038757324,Self,0.2539263963699341,Close,0.25155872106552124,Past,0.24629662930965424,Thoughts,0.2441824972629547
20250114_191528,"Fun, Close, Friends, Night, Past",Fun,0.2643296718597412,Close,0.24521730840206146,Friends,0.24358507990837097,Night,0.24157372117042542,Past,0.24022340774536133
20250115_191052,"Bedroom, Self, Close, Past, Thoughts",Bedroom,0.23976323008537292,Self,0.23810863494873047,Close,0.2367234230041504,Past,0.23412415385246277,Thoughts,0.2311120331287384
20250116_214450,"Past, Self, Close, Bedroom, Fun",Past,0.24682526290416718,Self,0.2460915446281433,Close,0.24356333911418915,Bedroom,0.23932763934135437,Fun,0.2383681833744049
20250117_134134,"Spring, Winter, Day, Snow, Atmosphere",Spring,0.2729951739311218,Winter,0.25280699133872986,Day,0.2526143491268158,Snow,0.251970112323761,Atmosphere,0.24869664013385773
20250117_135552,"Spring, Day, Far, Fun, Close",Spring,0.24166139960289001,Day,0.23493069410324097,Far,0.2321673333644867,Fun,0.23083269596099854,Close,0.23007503151893616
20250117_220136,"Bedroom, Fun, Close, Past, Window",Bedroom,0.26409095525741577,Fun,0.2436266541481018,Close,0.24106357991695404,Past,0.2356663942337036,Window,0.23537567257881165
20250118_200219,"Night, Close, Atmosphere, Spring, Winter",Night,0.25945723056793213,Close,0.230287104845047,Atmosphere,0.2292080819606781,Spring,0.22891177237033844,Winter,0.22803284227848053
20250119_212530,"Self, Rain, Past, Fun, Close",Self,0.25831761956214905,Rain,0.2556762099266052,Past,0.2519609332084656,Fun,0.24863886833190918,Close,0.24674543738365173
20250120_225831,"Past, Self, Bedroom, Fun, Close",Past,0.24723771214485168,Self,0.24323445558547974,Bedroom,0.24016961455345154,Fun,0.23922935128211975,Close,0.23891475796699524
20250121_231944,"Night, Window, Close, Alone, Rain",Night,0.2638569474220276,Window,0.24817153811454773,Close,0.23691828548908234,Alone,0.2323165088891983,Rain,0.22703367471694946
20250122_135704,"Past, Bedroom, Fun, Friends, Far",Past,0.2763459086418152,Bedroom,0.2719046175479889,Fun,0.2710935175418854,Friends,0.26944679021835327,Far,0.26674145460128784
20250124_005241,"Self, Thoughts, Close, Past, Alone",Self,0.2626466751098633,Thoughts,0.25632405281066895,Close,0.2558802366256714,Past,0.24681779742240906,Alone,0.24544477462768555
20250124_124636,"Alone, Far, Self, Day, Close",Alone,0.2568092346191406,Far,0.24663719534873962,Self,0.24603918194770813,Day,0.2442307472229004,Close,0.24411720037460327
20250125_135216,"Winter, Snow, Fun, Spring, Day",Winter,0.265869677066803,Snow,0.2589268684387207,Fun,0.2516995668411255,Spring,0.24261963367462158,Day,0.24029268324375153
20250126_152922,"Bedroom, Window, Atmosphere, Close, Alone",Bedroom,0.25665780901908875,Window,0.23706413805484772,Atmosphere,0.23427140712738037,Close,0.23400545120239258,Alone,0.22910216450691223
20250127_214225,"Fall, Night, Day, Now, Atmosphere",Fall,0.2218443751335144,Night,0.2208670675754547,Day,0.22028371691703796,Now,0.21806639432907104,Atmosphere,0.21555523574352264
20250128_140443,"Fun, Day, Close, Now, Friends",Fun,0.234408438205719,Day,0.22808539867401123,Close,0.22376370429992676,Now,0.22141283750534058,Friends,0.2179957926273346
20250128_191813,"Close, Day, Friends, Now, Fun",Close,0.2539319396018982,Day,0.2519071698188782,Friends,0.248797208070755,Now,0.248374804854393,Fun,0.24524688720703125
20250129_235135,"Night, Window, Bedroom, Close, Atmosphere",Night,0.2449823021888733,Window,0.24319207668304443,Bedroom,0.24138620495796204,Close,0.2412651926279068,Atmosphere,0.23919688165187836
20250129_235244,"Night, Window, Bedroom, Close, Atmosphere",Night,0.24498224258422852,Window,0.24319204688072205,Bedroom,0.24138619005680084,Close,0.2412651628255844,Atmosphere,0.23919686675071716
20250131_183607,"Night, Fun, Close, Window, Alone",Night,0.2706068158149719,Fun,0.2564763128757477,Close,0.25146859884262085,Window,0.25020599365234375,Alone,0.2500848174095154
20250131_183639,"Night, Far, Atmosphere, Close, Friends",Night,0.276225745677948,Far,0.24738413095474243,Atmosphere,0.24469256401062012,Close,0.24349886178970337,Friends,0.24091270565986633
20250201_165030,"Day, Fall, Alone, Atmosphere, Far",Day,0.22571995854377747,Fall,0.22389563918113708,Alone,0.2237030267715454,Atmosphere,0.2230032980442047,Far,0.22273167967796326
20250202_185345,"Fun, Day, Now, Close, Atmosphere",Fun,0.23996785283088684,Day,0.23480135202407837,Now,0.234685018658638,Close,0.23201702535152435,Atmosphere,0.22896438837051392
20250202_185411,"Now, Fun, Day, Close, Self",Now,0.23017652332782745,Fun,0.2282223105430603,Day,0.22733759880065918,Close,0.22645100951194763,Self,0.22462581098079681
20250203_124921,"Bedroom, Past, Far, Close, Friends",Bedroom,0.25555431842803955,Past,0.24886935949325562,Far,0.24692624807357788,Close,0.2395620346069336,Friends,0.23668131232261658
20250204_195736,"Close, Night, Far, Bedroom, Atmosphere",Close,0.24346692860126495,Night,0.24199417233467102,Far,0.23874178528785706,Bedroom,0.23802746832370758,Atmosphere,0.2363072782754898
20250204_195809,"Close, Alone, Far, Bedroom, Window",Close,0.2606533467769623,Alone,0.2544056475162506,Far,0.24976684153079987,Bedroom,0.247698575258255,Window,0.24623657763004303
20250204_195950,"Bedroom, Alone, Close, Far, Fun",Bedroom,0.23968440294265747,Alone,0.23627549409866333,Close,0.2356983870267868,Far,0.23361511528491974,Fun,0.23210328817367554
20250205_233802,"Past, Self, Bedroom, Fun, Close",Past,0.243748277425766,Self,0.24299240112304688,Bedroom,0.2410937398672104,Fun,0.23780685663223267,Close,0.23660415410995483
20250206_232551,"Night, Window, Snow, Winter, Rain",Night,0.276763916015625,Window,0.2635020613670349,Snow,0.24995124340057373,Winter,0.24951718747615814,Rain,0.24706315994262695
20250207_230951,"Night, Close, Alone, Fun, Winter",Night,0.2597818672657013,Close,0.23641033470630646,Alone,0.2298252433538437,Fun,0.22766023874282837,Winter,0.22393247485160828
20250207_235830,"Fun, Close, Far, Past, Night",Fun,0.2699047923088074,Close,0.25974875688552856,Far,0.2541387379169464,Past,0.2536033093929291,Night,0.24746045470237732
20250208_172242,"Bedroom, Window, Close, Fun, Past",Bedroom,0.29563087224960327,Window,0.2513004243373871,Close,0.24852707982063293,Fun,0.24814771115779877,Past,0.2436363846063614
20250209_234507,"Night, Window, Rain, Snow, Close",Night,0.2671928107738495,Window,0.26151156425476074,Rain,0.2596465051174164,Snow,0.2444731444120407,Close,0.24242383241653442
20250210_150159,"Window, Alone, Close, Day, Atmosphere",Window,0.26625120639801025,Alone,0.2429617941379547,Close,0.23940759897232056,Day,0.23766763508319855,Atmosphere,0.23718631267547607
20250211_234823,"Self, Past, Fun, Bedroom, Close",Self,0.24974799156188965,Past,0.24744561314582825,Fun,0.24518342316150665,Bedroom,0.24188992381095886,Close,0.24073244631290436
20250212_190850,"Snow, Rain, Winter, Night, Spring",Snow,0.2759985625743866,Rain,0.2708933353424072,Winter,0.25779294967651367,Night,0.24677899479866028,Spring,0.23907412588596344
20250212_212656,"Snow, Winter, Rain, Night, Close",Snow,0.2982255518436432,Winter,0.27776768803596497,Rain,0.26150333881378174,Night,0.25458189845085144,Close,0.2544628381729126
20250213_183211,"Fun, Friends, Close, Self, Day",Fun,0.22558075189590454,Friends,0.21240006387233734,Close,0.20928388833999634,Self,0.20462003350257874,Day,0.20424804091453552
20250213_183723,"Fun, Close, Friends, Thoughts, Self",Fun,0.23457425832748413,Close,0.2188609540462494,Friends,0.2154099941253662,Thoughts,0.211878702044487,Self,0.21077361702919006
20250214_225137,"Fun, Day, Close, Past, Night",Fun,0.27133744955062866,Day,0.2626596689224243,Close,0.2612003684043884,Past,0.26082587242126465,Night,0.26081764698028564
20250215_130724,"Rain, Atmosphere, Spring, Snow, Winter",Rain,0.24704062938690186,Atmosphere,0.2419661581516266,Spring,0.23698510229587555,Snow,0.2365872859954834,Winter,0.23575185239315033
20250217_001833,"Bedroom, Window, Close, Alone, Self",Bedroom,0.2854539752006531,Window,0.2614135146141052,Close,0.255338579416275,Alone,0.255224347114563,Self,0.25323486328125
20250218_003823,"Bedroom, Atmosphere, Thoughts, Past, Close",Bedroom,0.2446124255657196,Atmosphere,0.2428622841835022,Thoughts,0.23321837186813354,Past,0.2279026210308075,Close,0.2270292490720749
20250218_232842,"Snow, Winter, Night, Window, Spring",Snow,0.27128320932388306,Winter,0.26248371601104736,Night,0.25917840003967285,Window,0.251098096370697,Spring,0.24060562252998352
20250220_011425,"Past, Self, Close, Day, Bedroom",Past,0.2479826807975769,Self,0.2464476078748703,Close,0.24293571710586548,Day,0.24023188650608063,Bedroom,0.2396298050880432
20250221_004401,"Past, Self, Close, Bedroom, Fun",Past,0.24938571453094482,Self,0.24936160445213318,Close,0.24274368584156036,Bedroom,0.24238747358322144,Fun,0.24238677322864532
20250221_203745,"Close, Bedroom, Window, Night, Atmosphere",Close,0.24734196066856384,Bedroom,0.2451820969581604,Window,0.2439466118812561,Night,0.23387014865875244,Atmosphere,0.2335892915725708
20250222_182807,"Window, Night, Close, Alone, Bedroom",Window,0.25743693113327026,Night,0.25471633672714233,Close,0.2506609857082367,Alone,0.24429692327976227,Bedroom,0.23304162919521332
20250223_211221,"Fun, Friends, Close, Past, Far",Fun,0.25962942838668823,Friends,0.2569977045059204,Close,0.24536700546741486,Past,0.24053046107292175,Far,0.24051347374916077
20250223_222316,"Close, Now, Window, Far, Friends",Close,0.2271060198545456,Now,0.2262629121541977,Window,0.22153356671333313,Far,0.2200864851474762,Friends,0.2192409485578537
20250224_140835,"Spring, Fall, Winter, Snow, Day",Spring,0.25537651777267456,Fall,0.24422289431095123,Winter,0.23900087177753448,Snow,0.23640048503875732,Day,0.23513925075531006
20250225_122240,"Spring, Day, Fall, Far, Snow",Spring,0.2585398554801941,Day,0.2425190657377243,Fall,0.2310846596956253,Far,0.22978682816028595,Snow,0.22950485348701477
20250226_193051,"Night, Winter, Snow, Spring, Atmosphere",Night,0.25817692279815674,Winter,0.24091178178787231,Snow,0.2405923455953598,Spring,0.23362258076667786,Atmosphere,0.22916007041931152
20250227_173242,"Spring, Close, Atmosphere, Day, Far",Spring,0.24624484777450562,Close,0.24480792880058289,Atmosphere,0.24402514100074768,Day,0.24223986268043518,Far,0.2373952865600586
20250301_003132,"Night, Window, Close, Alone, Rain",Night,0.25722771883010864,Window,0.25434279441833496,Close,0.23960821330547333,Alone,0.23412153124809265,Rain,0.2310488224029541
20250301_215313,"Window, Night, Alone, Bedroom, Close",Window,0.28352126479148865,Night,0.26956939697265625,Alone,0.25410962104797363,Bedroom,0.2527376413345337,Close,0.24868662655353546
20250302_172824,"Spring, Fall, Day, Winter, Atmosphere",Spring,0.2610298991203308,Fall,0.25349295139312744,Day,0.2507822513580322,Winter,0.2488102912902832,Atmosphere,0.24601218104362488
20250303_192540,"Self, Past, Fun, Close, Thoughts",Self,0.2555820941925049,Past,0.25256672501564026,Fun,0.2493833303451538,Close,0.24622422456741333,Thoughts,0.24293656647205353
20250304_152251,"Alone, Close, Past, Far, Atmosphere",Alone,0.24818268418312073,Close,0.2449645698070526,Past,0.2360665500164032,Far,0.23043449223041534,Atmosphere,0.22971786558628082
20250305_193043,"Night, Snow, Rain, Winter, Atmosphere",Night,0.2704888582229614,Snow,0.2613474130630493,Rain,0.255580872297287,Winter,0.2541505694389343,Atmosphere,0.24299082159996033
20250306_122721,"Day, Close, Fun, Alone, Summer",Day,0.24885940551757812,Close,0.24444082379341125,Fun,0.242893248796463,Alone,0.24266654253005981,Summer,0.24162186682224274
20250307_162400,"Close, Atmosphere, Bedroom, Fun, Alone",Close,0.2115662544965744,Atmosphere,0.2095097005367279,Bedroom,0.20766675472259521,Fun,0.20600581169128418,Alone,0.19897595047950745
20250308_222935,"Fun, Close, Atmosphere, Night, Bedroom",Fun,0.2422993779182434,Close,0.23984161019325256,Atmosphere,0.2380143254995346,Night,0.23744550347328186,Bedroom,0.23502624034881592
20250309_010943,"Fun, Bedroom, Close, Now, Atmosphere",Fun,0.23738421499729156,Bedroom,0.23463141918182373,Close,0.23086607456207275,Now,0.2264237254858017,Atmosphere,0.22463896870613098
20250310_190728,"Winter, Snow, Spring, Day, Night",Winter,0.26733720302581787,Snow,0.2671620547771454,Spring,0.2665184438228607,Day,0.2648264169692993,Night,0.26382559537887573
20250311_150305,"Window, Far, Alone, Day, Atmosphere",Window,0.26832881569862366,Far,0.2532799243927002,Alone,0.24874456226825714,Day,0.2478773444890976,Atmosphere,0.2455003559589386
20250313_191944,"Night, Spring, Winter, Atmosphere, Day",Night,0.3074460029602051,Spring,0.28231990337371826,Winter,0.2814490795135498,Atmosphere,0.2764279842376709,Day,0.2714526653289795
20250314_232226,"Fun, Night, Close, Past, Friends",Fun,0.2640502452850342,Night,0.2623436152935028,Close,0.2565414309501648,Past,0.25163358449935913,Friends,0.25038743019104004
20250314_233755,"Fun, Friends, Close, Self, Past",Fun,0.280193030834198,Friends,0.2698610723018646,Close,0.25572532415390015,Self,0.25424960255622864,Past,0.251154363155365
20250315_162328,"Close, Fun, Atmosphere, Far, Day",Close,0.24973756074905396,Fun,0.24786335229873657,Atmosphere,0.24773696064949036,Far,0.24632391333580017,Day,0.2417578101158142
20250315_225420,"Alone, Self, Close, Day, Rain",Alone,0.2744680345058441,Self,0.27269044518470764,Close,0.2704945206642151,Day,0.26975077390670776,Rain,0.2671127915382385
20250317_004043,"Window, Night, Close, Rain, Alone",Window,0.2486739158630371,Night,0.24635916948318481,Close,0.24182406067848206,Rain,0.23569652438163757,Alone,0.23339606821537018
20250317_212315,"Night, Close, Alone, Fun, Window",Night,0.24718374013900757,Close,0.23435823619365692,Alone,0.22979523241519928,Fun,0.2286742925643921,Window,0.22814463078975677
20250318_142733,"Bedroom, Now, Day, Window, Close",Bedroom,0.2558768391609192,Now,0.24589607119560242,Day,0.2435436099767685,Window,0.2433478832244873,Close,0.24175429344177246
20250318_182102,"Atmosphere, Day, Far, Spring, Close",Atmosphere,0.24890409409999847,Day,0.24321770668029785,Far,0.24090871214866638,Spring,0.23978474736213684,Close,0.2384413480758667
20250319_174201,"Window, Rain, Close, Bedroom, Snow",Window,0.26126396656036377,Rain,0.2538111209869385,Close,0.23953759670257568,Bedroom,0.2379719614982605,Snow,0.2379225343465805
20250320_185632,"Window, Winter, Bedroom, Day, Fall",Window,0.2613065242767334,Winter,0.2512540817260742,Bedroom,0.23707324266433716,Day,0.2319268435239792,Fall,0.22720494866371155
20250321_195326,"Night, Fun, Atmosphere, Close, Far",Night,0.2614986300468445,Fun,0.2614382803440094,Atmosphere,0.2558998763561249,Close,0.25329020619392395,Far,0.2462608963251114
20250323_181039,"Spring, Snow, Rain, Winter, Fall",Spring,0.25006017088890076,Snow,0.24512889981269836,Rain,0.24387504160404205,Winter,0.24053406715393066,Fall,0.23997868597507477
20250324_233256,"Night, Close, Window, Fun, Alone",Night,0.2524435818195343,Close,0.2309049367904663,Window,0.23083217442035675,Fun,0.22478866577148438,Alone,0.2203727811574936
20250325_212056,"Bedroom, Window, Night, Atmosphere, Close",Bedroom,0.29073840379714966,Window,0.2561706602573395,Night,0.2538519501686096,Atmosphere,0.25181353092193604,Close,0.2501354515552521
20250326_124540,"Alone, Close, Far, Window, Self",Alone,0.2236320525407791,Close,0.2201947271823883,Far,0.2172345221042633,Window,0.2143602967262268,Self,0.21360912919044495
20250327_145654,"Close, Alone, Day, Fun, Far",Close,0.25822439789772034,Alone,0.25768280029296875,Day,0.25629350543022156,Fun,0.25603312253952026,Far,0.2553975582122803
20250328_151926,"Spring, Day, Atmosphere, Fall, Far",Spring,0.26587429642677307,Day,0.24163350462913513,Atmosphere,0.2409103363752365,Fall,0.2347065806388855,Far,0.23086337745189667
20250329_235911,"Night, Rain, Window, Atmosphere, Close",Night,0.2550480365753174,Rain,0.2378644049167633,Window,0.23681092262268066,Atmosphere,0.2290511280298233,Close,0.22560879588127136
20250330_184239,"Alone, Close, Far, Past, Day",Alone,0.23356659710407257,Close,0.23073488473892212,Far,0.22888581454753876,Past,0.22508834302425385,Day,0.2224649041891098
20250331_210453,"Night, Spring, Close, Far, Snow",Night,0.26623931527137756,Spring,0.24157002568244934,Close,0.23912173509597778,Far,0.23858264088630676,Snow,0.2382732331752777
20250401_155047,"Fun, Far, Close, Past, Bedroom",Fun,0.2587103247642517,Far,0.25372952222824097,Close,0.25344204902648926,Past,0.25055181980133057,Bedroom,0.24883201718330383
20250402_151438,"Rain, Nature, Spring, Day, Alone",Rain,0.26465368270874023,Nature,0.2539202868938446,Spring,0.25024500489234924,Day,0.24202072620391846,Alone,0.24112087488174438
20250403_174103,"Past, Bedroom, Day, Close, Window",Past,0.22086647152900696,Bedroom,0.2154114842414856,Day,0.2140406370162964,Close,0.21306468546390533,Window,0.21292361617088318
20250404_114209,"Spring, Fall, Atmosphere, Day, Close",Spring,0.2547774910926819,Fall,0.24458053708076477,Atmosphere,0.23928669095039368,Day,0.23547762632369995,Close,0.23358778655529022
20250405_175926,"Thoughts, Far, Atmosphere, Now, Close",Thoughts,0.21221275627613068,Far,0.2098126858472824,Atmosphere,0.20963628590106964,Now,0.20944157242774963,Close,0.20878316462039948
20250406_183518,"Window, Bedroom, Self, Day, Alone",Window,0.2743721306324005,Bedroom,0.2711847424507141,Self,0.26231107115745544,Day,0.26007288694381714,Alone,0.260071724653244
20250407_173354,"Far, Alone, Close, Window, Day",Far,0.2569984793663025,Alone,0.2557428181171417,Close,0.2544407248497009,Window,0.253083735704422,Day,0.2494172751903534
20250408_152144,"Day, Now, Spring, Close, Atmosphere",Day,0.23141779005527496,Now,0.2283526360988617,Spring,0.22311046719551086,Close,0.21990269422531128,Atmosphere,0.2178717851638794
20250409_214110,"Self, Past, Bedroom, Close, Day",Self,0.25380992889404297,Past,0.24785420298576355,Bedroom,0.2467063069343567,Close,0.24668686091899872,Day,0.24554289877414703
20250410_215549,"Past, Close, Fun, Far, Night",Past,0.22507360577583313,Close,0.22173267602920532,Fun,0.217241108417511,Far,0.21103250980377197,Night,0.2058255970478058
20250411_200753,"Fun, Close, Night, Now, Alone",Fun,0.2544274926185608,Close,0.23503223061561584,Night,0.23121538758277893,Now,0.22619721293449402,Alone,0.22570016980171204
20250413_002946,"Night, Winter, Snow, Rain, Atmosphere",Night,0.2714970111846924,Winter,0.25673699378967285,Snow,0.2535160779953003,Rain,0.2532172203063965,Atmosphere,0.2491759955883026
20250413_183620,"Fun, Past, Close, Atmosphere, Far",Fun,0.23784738779067993,Past,0.23646920919418335,Close,0.23536549508571625,Atmosphere,0.23033106327056885,Far,0.22829128801822662
20250414_194541,"Spring, Nature, Alone, Fall, Day",Spring,0.25229597091674805,Nature,0.25055375695228577,Alone,0.24742385745048523,Fall,0.2458650767803192,Day,0.2364921122789383
20250415_235625,"Night, Window, Bedroom, Close, Atmosphere",Night,0.24498222768306732,Window,0.24319204688072205,Bedroom,0.24138620495796204,Close,0.24126514792442322,Atmosphere,0.23919686675071716
20250416_220635,"Fun, Close, Friends, Past, Far",Fun,0.2514171600341797,Close,0.23888209462165833,Friends,0.2387145757675171,Past,0.23538045585155487,Far,0.23304983973503113
20250416_222756,"Fun, Friends, Close, Far, Atmosphere",Fun,0.2489967942237854,Friends,0.2377713918685913,Close,0.22683584690093994,Far,0.2210037112236023,Atmosphere,0.22016380727291107
20250417_160235,"Window, Bedroom, Day, Spring, Close",Window,0.29091620445251465,Bedroom,0.2653789222240448,Day,0.2516205310821533,Spring,0.2512335181236267,Close,0.2505601644515991
20250419_030334,"Bedroom, Window, Atmosphere, Night, Close",Bedroom,0.29773324728012085,Window,0.2743484675884247,Atmosphere,0.2665969729423523,Night,0.2655285596847534,Close,0.26462918519973755
20250419_203752,"Bedroom, Close, Window, Past, Alone",Bedroom,0.2628324031829834,Close,0.2563137412071228,Window,0.2550545036792755,Past,0.25194716453552246,Alone,0.2514882981777191
20250419_222455,"Night, Alone, Animals, Nature, Close",Night,0.2736584544181824,Alone,0.26090091466903687,Animals,0.2549630403518677,Nature,0.2509402632713318,Close,0.2466728687286377
20250421_013807,"Night, Bedroom, Window, Close, Alone",Night,0.26714879274368286,Bedroom,0.2615415155887604,Window,0.25506120920181274,Close,0.2489485889673233,Alone,0.24682573974132538
20250422_011330,"Night, Window, Alone, Close, Rain",Night,0.26076802611351013,Window,0.2532818615436554,Alone,0.23211470246315002,Close,0.2296089231967926,Rain,0.22925716638565063
20250423_003550,"Past, Bedroom, Close, Self, Thoughts",Past,0.249891459941864,Bedroom,0.24917590618133545,Close,0.24742457270622253,Self,0.24655947089195251,Thoughts,0.23901423811912537
20250424_013753,"Bedroom, Self, Close, Thoughts, Past",Bedroom,0.2495979219675064,Self,0.24959732592105865,Close,0.24922531843185425,Thoughts,0.2433137148618698,Past,0.24209170043468475
20250424_112214,"Window, Bedroom, Close, Snow, Alone",Window,0.3081890642642975,Bedroom,0.2911171317100525,Close,0.2700740694999695,Snow,0.2653588354587555,Alone,0.2649211287498474
20250425_235501,"Night, Fall, Atmosphere, Close, Spring",Night,0.24772308766841888,Fall,0.2221091091632843,Atmosphere,0.22178930044174194,Close,0.21950934827327728,Spring,0.21943944692611694
20250427_002945,"Self, Thoughts, Close, Window, Past",Self,0.25500810146331787,Thoughts,0.2516101896762848,Close,0.25158023834228516,Window,0.25154218077659607,Past,0.24898871779441833
20250427_210918,"Night, Fun, Close, Alone, Now",Night,0.27957800030708313,Fun,0.2524198591709137,Close,0.25189024209976196,Alone,0.24756483733654022,Now,0.24580076336860657
20250428_152704,"Spring, Summer, Fall, Nature, Day",Spring,0.27590781450271606,Summer,0.27570685744285583,Fall,0.27474793791770935,Nature,0.2727969288825989,Day,0.27031296491622925
20250430_002248,"Self, Past, Now, Close, Fun",Self,0.25052469968795776,Past,0.24839867651462555,Now,0.2454274594783783,Close,0.2423071563243866,Fun,0.24226441979408264
20250501_023719,"Self, Past, Close, Bedroom, Fun",Self,0.2601221203804016,Past,0.2578972578048706,Close,0.25669917464256287,Bedroom,0.25518617033958435,Fun,0.25210270285606384
20250501_165211,"Bedroom, Close, Window, Past, Far",Bedroom,0.2814066708087921,Close,0.26617294549942017,Window,0.26329395174980164,Past,0.2631281316280365,Far,0.26045650243759155
20250503_022551,"Night, Window, Rain, Snow, Fall",Night,0.2614505887031555,Window,0.24837228655815125,Rain,0.2411281317472458,Snow,0.23817792534828186,Fall,0.23431095480918884
20250503_130557,"Window, Bedroom, Close, Day, Now",Window,0.2664312720298767,Bedroom,0.26470398902893066,Close,0.2584778666496277,Day,0.254875123500824,Now,0.2509108781814575
20250503_215040,"Fun, Close, Night, Far, Atmosphere",Fun,0.25883519649505615,Close,0.2513797879219055,Night,0.2512768507003784,Far,0.24577802419662476,Atmosphere,0.24250753223896027
20250504_223537,"Fun, Friends, Close, Past, Far",Fun,0.26058804988861084,Friends,0.24417316913604736,Close,0.23603424429893494,Past,0.23142850399017334,Far,0.22982332110404968
20250505_205911,"Fun, Friends, Close, Past, Far",Fun,0.2527865171432495,Friends,0.24064448475837708,Close,0.232329860329628,Past,0.23109537363052368,Far,0.22845719754695892
20250506_140153,"Spring, Atmosphere, Fun, Day, Far",Spring,0.2399863600730896,Atmosphere,0.22632719576358795,Fun,0.2223847657442093,Day,0.21909329295158386,Far,0.2190828174352646
20250507_210216,"Far, Atmosphere, Close, Now, Night",Far,0.2364460676908493,Atmosphere,0.23420992493629456,Close,0.23328256607055664,Now,0.23002737760543823,Night,0.2284221649169922
20250507_211004,"Atmosphere, Night, Far, Close, Alone",Atmosphere,0.24531468749046326,Night,0.24378736317157745,Far,0.24340897798538208,Close,0.24332058429718018,Alone,0.24241530895233154
20250507_221317,"Atmosphere, Alone, Close, Bedroom, Far",Atmosphere,0.24071520566940308,Alone,0.23494833707809448,Close,0.23446187376976013,Bedroom,0.234405517578125,Far,0.23399874567985535
20250507_222944,"Far, Atmosphere, Close, Now, Bedroom",Far,0.22267816960811615,Atmosphere,0.22232042253017426,Close,0.21808922290802002,Now,0.2170981466770172,Bedroom,0.21485505998134613
20250509_000301,"Self, Past, Close, Bedroom, Day",Self,0.2593826651573181,Past,0.24998971819877625,Close,0.24985148012638092,Bedroom,0.2493920624256134,Day,0.249028280377388
20250509_225120,"Self, Past, Close, Bedroom, Night",Self,0.2651987671852112,Past,0.2636910080909729,Close,0.25694701075553894,Bedroom,0.2558654248714447,Night,0.25455909967422485
20250510_104209,"Atmosphere, Fun, Close, Day, Bedroom",Atmosphere,0.22756753861904144,Fun,0.2253023087978363,Close,0.22101859748363495,Day,0.215646430850029,Bedroom,0.21322084963321686
20250511_232219,"Self, Bedroom, Past, Close, Fun",Self,0.26054930686950684,Bedroom,0.2563229203224182,Past,0.25275689363479614,Close,0.25116950273513794,Fun,0.25068649649620056
20250512_183400,"Window, Fun, Close, Day, Bedroom",Window,0.2764027714729309,Fun,0.27114203572273254,Close,0.2659476697444916,Day,0.26338380575180054,Bedroom,0.2633824348449707
20250513_192744,"Close, Day, Self, Past, Alone",Close,0.2545934021472931,Day,0.24916256964206696,Self,0.24656417965888977,Past,0.24549919366836548,Alone,0.24469615519046783
20250514_104229,"Atmosphere, Fun, Close, Far, Friends",Atmosphere,0.21033650636672974,Fun,0.2098238617181778,Close,0.20971840620040894,Far,0.20802699029445648,Friends,0.20763012766838074
20250514_104424,"Atmosphere, Bedroom, Close, Fun, Alone",Atmosphere,0.2358415126800537,Bedroom,0.2286413311958313,Close,0.22799749672412872,Fun,0.2241613268852234,Alone,0.21628506481647491
20250514_110333,"Now, Close, Fun, Atmosphere, Window",Now,0.22926290333271027,Close,0.22308310866355896,Fun,0.2224922478199005,Atmosphere,0.21915389597415924,Window,0.21874679625034332
20250516_002244,"Self, Bedroom, Thoughts, Night, Close",Self,0.26367509365081787,Bedroom,0.2578110098838806,Thoughts,0.25133082270622253,Night,0.250148743391037,Close,0.2500545382499695
20250516_215223,"Alone, Close, Now, Night, Far",Alone,0.23798194527626038,Close,0.23341238498687744,Now,0.23223695158958435,Night,0.2320455014705658,Far,0.22706559300422668
20250517_132756,"Nature, Spring, Animals, Summer, Alone",Nature,0.23814275860786438,Spring,0.23009800910949707,Animals,0.22697708010673523,Summer,0.22647787630558014,Alone,0.22276610136032104
20250518_113153,"Atmosphere, Close, Fun, Window, Now",Atmosphere,0.21251660585403442,Close,0.19495056569576263,Fun,0.19408218562602997,Window,0.192501038312912,Now,0.19097352027893066
20250518_122358,"Self, Close, Day, Past, Fun",Self,0.24012768268585205,Close,0.2395695298910141,Day,0.23566272854804993,Past,0.23291975259780884,Fun,0.2317858189344406
20250518_122451,"Self, Close, Day, Past, Fun",Self,0.23560422658920288,Close,0.23429690301418304,Day,0.23247021436691284,Past,0.23066213726997375,Fun,0.2283179610967636
20250520_004414,"Night, Window, Close, Alone, Rain",Night,0.2604214549064636,Window,0.24871191382408142,Close,0.23448722064495087,Alone,0.22917725145816803,Rain,0.22841928899288177
20250520_183834,"Close, Summer, Rain, Self, Past",Close,0.24172595143318176,Summer,0.2361138015985489,Rain,0.23385277390480042,Self,0.23196765780448914,Past,0.2309662103652954
20250521_120426,"Atmosphere, Night, Close, Window, Far",Atmosphere,0.2670378088951111,Night,0.2628600597381592,Close,0.25676849484443665,Window,0.25295373797416687,Far,0.24925324320793152
20250522_043532,"Night, Window, Bedroom, Close, Atmosphere",Night,0.2449822574853897,Window,0.24319204688072205,Bedroom,0.24138619005680084,Close,0.24126514792442322,Atmosphere,0.23919686675071716
20250524_012112,"Self, Past, Thoughts, Close, Day",Self,0.2503105401992798,Past,0.24635227024555206,Thoughts,0.24254468083381653,Close,0.23989900946617126,Day,0.23969221115112305
20250524_172758,"Fun, Bedroom, Self, Close, Window",Fun,0.24565674364566803,Bedroom,0.24119487404823303,Self,0.24033743143081665,Close,0.2401764839887619,Window,0.23971273005008698
20250525_223520,"Now, Animals, Close, Night, Bedroom",Now,0.24262315034866333,Animals,0.2409854382276535,Close,0.23984920978546143,Night,0.23715536296367645,Bedroom,0.23426401615142822
20250526_205718,"Fun, Close, Far, Atmosphere, Past",Fun,0.24237048625946045,Close,0.23611809313297272,Far,0.23110643029212952,Atmosphere,0.22987213730812073,Past,0.22585976123809814
20250528_011702,"Self, Thoughts, Close, Bedroom, Past",Self,0.2609888017177582,Thoughts,0.2543793320655823,Close,0.2523203492164612,Bedroom,0.24906200170516968,Past,0.24838781356811523
20250529_004900,"Self, Past, Close, Bedroom, Thoughts",Self,0.24335694313049316,Past,0.24169498682022095,Close,0.23947887122631073,Bedroom,0.23732924461364746,Thoughts,0.23544380068778992
20250530_231506,"Fun, Friends, Close, Past, Night",Fun,0.2644191086292267,Friends,0.25764864683151245,Close,0.24870002269744873,Past,0.2469257116317749,Night,0.24576866626739502
20250601_013314,"Self, Past, Close, Fun, Bedroom",Self,0.25197961926460266,Past,0.2478436976671219,Close,0.24557092785835266,Fun,0.2442953735589981,Bedroom,0.2415396273136139
20250602_001605,"Fun, Friends, Self, Night, Bedroom",Fun,0.27863961458206177,Friends,0.2665245234966278,Self,0.26569512486457825,Night,0.2651037573814392,Bedroom,0.2619166970252991
20250603_002736,"Bedroom, Past, Close, Far, Window",Bedroom,0.26990196108818054,Past,0.2622267007827759,Close,0.2572094798088074,Far,0.25111517310142517,Window,0.2480785995721817
20250603_215920,"Fun, Close, Friends, Past, Now",Fun,0.23904678225517273,Close,0.22611568868160248,Friends,0.2246742844581604,Past,0.22312989830970764,Now,0.2190713882446289
20250605_022714,"Night, Window, Rain, Alone, Close",Night,0.2743162512779236,Window,0.26860594749450684,Rain,0.26044386625289917,Alone,0.24565672874450684,Close,0.24386313557624817
20250605_164830,"Atmosphere, Fun, Close, Window, Now",Atmosphere,0.20703233778476715,Fun,0.20570091903209686,Close,0.20003299415111542,Window,0.1988503485918045,Now,0.19768038392066956
20250606_042628,"Night, Window, Bedroom, Close, Atmosphere",Night,0.24498222768306732,Window,0.24319204688072205,Bedroom,0.24138617515563965,Close,0.2412651628255844,Atmosphere,0.23919686675071716
20250606_232543,"Nature, Spring, Summer, Close, Alone",Nature,0.25470930337905884,Spring,0.24862317740917206,Summer,0.2409535050392151,Close,0.23604606091976166,Alone,0.23499420285224915
20250609_022830,"Self, Past, Close, Thoughts, Day",Self,0.2552395164966583,Past,0.24671009182929993,Close,0.2452286183834076,Thoughts,0.24415014684200287,Day,0.24310097098350525
20250610_002820,"Self, Past, Bedroom, Thoughts, Fun",Self,0.25475987792015076,Past,0.2482193261384964,Bedroom,0.24499744176864624,Thoughts,0.2429233193397522,Fun,0.24285690486431122
20250611_012123,"Self, Close, Past, Fun, Thoughts",Self,0.2555374801158905,Close,0.24892392754554749,Past,0.24773117899894714,Fun,0.2450585663318634,Thoughts,0.24421504139900208
20250611_103956,"Day, Atmosphere, Summer, Spring, Far",Day,0.24287208914756775,Atmosphere,0.2400626540184021,Summer,0.23812542855739594,Spring,0.23787528276443481,Far,0.23517915606498718
20250613_012345,"Self, Bedroom, Close, Past, Fun",Self,0.248024582862854,Bedroom,0.24686956405639648,Close,0.24262845516204834,Past,0.24039846658706665,Fun,0.23874647915363312
20250613_202953,"Close, Alone, Far, Window, Atmosphere",Close,0.25692617893218994,Alone,0.2554876506328583,Far,0.2541310787200928,Window,0.25385454297065735,Atmosphere,0.25266894698143005
20250614_090318,"Spring, Summer, Atmosphere, Day, Far",Spring,0.2389957755804062,Summer,0.2377401441335678,Atmosphere,0.23516765236854553,Day,0.23418043553829193,Far,0.23406663537025452
20250615_205708,"Now, Close, Alone, Day, Past",Now,0.23358413577079773,Close,0.23282702267169952,Alone,0.23068319261074066,Day,0.22795623540878296,Past,0.2262638956308365
20250616_112517,"Close, Far, Day, Atmosphere, Summer",Close,0.23417052626609802,Far,0.2325183004140854,Day,0.23046863079071045,Atmosphere,0.2293468415737152,Summer,0.22888633608818054
20250617_205058,"Fun, Far, Past, Thoughts, Night",Fun,0.2609104514122009,Far,0.23382613062858582,Past,0.23131069540977478,Thoughts,0.22136032581329346,Night,0.22131673991680145
20250618_142229,"Alone, Close, Fun, Summer, Far",Alone,0.2433338463306427,Close,0.24316731095314026,Fun,0.24023419618606567,Summer,0.23575076460838318,Far,0.23253870010375977
20250619_180402,"Close, Friends, Now, Past, Self",Close,0.2342689037322998,Friends,0.23378893733024597,Now,0.23012658953666687,Past,0.22796405851840973,Self,0.2259950488805771
20250619_181942,"Close, Past, Friends, Now, Far",Close,0.23303788900375366,Past,0.22839391231536865,Friends,0.22832465171813965,Now,0.22046293318271637,Far,0.21930626034736633
20250620_170914,"Summer, Atmosphere, Spring, Day, Far",Summer,0.2553810179233551,Atmosphere,0.2522609233856201,Spring,0.24864980578422546,Day,0.2478507161140442,Far,0.24749335646629333
20250620_171022,"Spring, Far, Day, Atmosphere, Close",Spring,0.23468539118766785,Far,0.2316771149635315,Day,0.2316250205039978,Atmosphere,0.23026862740516663,Close,0.22592629492282867
20250621_215023,"Night, Close, Alone, Far, Summer",Night,0.3047129213809967,Close,0.27448201179504395,Alone,0.2689608633518219,Far,0.266951322555542,Summer,0.2618914842605591
20250622_194848,"Close, Friends, Day, Far, Summer",Close,0.22752927243709564,Friends,0.22535312175750732,Day,0.2220674753189087,Far,0.2174929976463318,Summer,0.21705849468708038
20250624_053459,"Alone, Close, Window, Far, Rain",Alone,0.2525427043437958,Close,0.2477845847606659,Window,0.2466130256652832,Far,0.24427852034568787,Rain,0.2393246591091156
20250624_123544,"Fun, Day, Close, Window, Atmosphere",Fun,0.25231829285621643,Day,0.24511399865150452,Close,0.2449502795934677,Window,0.24029138684272766,Atmosphere,0.23834365606307983
20250625_220247,"Fun, Night, Close, Window, Atmosphere",Fun,0.23754431307315826,Night,0.22594036161899567,Close,0.22454963624477386,Window,0.2237885594367981,Atmosphere,0.22251242399215698
20250626_190408,"Window, Atmosphere, Nature, Day, Alone",Window,0.28656864166259766,Atmosphere,0.2795640826225281,Nature,0.266591876745224,Day,0.26445358991622925,Alone,0.26245105266571045
20250626_191106,"Atmosphere, Window, Day, Far, Rain",Atmosphere,0.2773352563381195,Window,0.2737341523170471,Day,0.2613848149776459,Far,0.2592398524284363,Rain,0.2583484649658203
20250627_145913,"Window, Close, Far, Atmosphere, Day",Window,0.2769269347190857,Close,0.2562791407108307,Far,0.2532392740249634,Atmosphere,0.2523404359817505,Day,0.24905017018318176
20250628_100137,"Rain, Atmosphere, Day, Far, Now",Rain,0.2534830868244171,Atmosphere,0.24695226550102234,Day,0.2372138649225235,Far,0.2361767292022705,Now,0.22749802470207214
20250629_132248,"Bedroom, Fun, Window, Close, Atmosphere",Bedroom,0.2709091901779175,Fun,0.24911676347255707,Window,0.2487654983997345,Close,0.2460584044456482,Atmosphere,0.24239173531532288
20250630_210147,"Window, Close, Fun, Far, Day",Window,0.252438485622406,Close,0.2501141428947449,Fun,0.24892503023147583,Far,0.24770568311214447,Day,0.24656234681606293
20250701_024918,"Night, Atmosphere, Close, Now, Window",Night,0.23812925815582275,Atmosphere,0.23393192887306213,Close,0.22903390228748322,Now,0.22565995156764984,Window,0.22493723034858704
20250702_211230,"Fun, Bedroom, Night, Close, Alone",Fun,0.25145474076271057,Bedroom,0.2501075565814972,Night,0.2451712191104889,Close,0.24372421205043793,Alone,0.24194376170635223
20250704_121526,"Bedroom, Past, Window, Far, Close",Bedroom,0.2622750997543335,Past,0.2545604109764099,Window,0.2498297095298767,Far,0.24724246561527252,Close,0.24713024497032166
20250705_151227,"Close, Window, Past, Far, Fun",Close,0.27149727940559387,Window,0.2667692005634308,Past,0.2645818889141083,Far,0.2608755826950073,Fun,0.2606033682823181
20250707_004908,"Bedroom, Self, Night, Window, Close",Bedroom,0.2696668207645416,Self,0.2660309970378876,Night,0.26240453124046326,Window,0.26235735416412354,Close,0.2616005837917328
20250708_011632,"Self, Bedroom, Night, Past, Close",Self,0.25166580080986023,Bedroom,0.24826392531394958,Night,0.2465292513370514,Past,0.245297372341156,Close,0.24524742364883423
20250708_201343,"Now, Close, Atmosphere, Day, Past",Now,0.22264502942562103,Close,0.21272538602352142,Atmosphere,0.20607542991638184,Day,0.20216591656208038,Past,0.19920827448368073
20250710_003832,"Night, Close, Past, Window, Fun",Night,0.28052255511283875,Close,0.2691064774990082,Past,0.26599013805389404,Window,0.2648502588272095,Fun,0.2639995217323303
20250711_015326,"Self, Past, Close, Day, Bedroom",Self,0.2536970376968384,Past,0.24971823394298553,Close,0.24546895921230316,Day,0.24543926119804382,Bedroom,0.2440590262413025
20250711_171330,"Close, Summer, Nature, Day, Alone",Close,0.2699900269508362,Summer,0.26894044876098633,Nature,0.2688661217689514,Day,0.26867973804473877,Alone,0.2669088840484619
20250712_020614,"Night, Alone, Rain, Atmosphere, Close",Night,0.2961834967136383,Alone,0.25920459628105164,Rain,0.25790512561798096,Atmosphere,0.25618743896484375,Close,0.25265762209892273
20250713_015824,"Atmosphere, Close, Night, Far, Bedroom",Atmosphere,0.2642306387424469,Close,0.24577713012695312,Night,0.2441275417804718,Far,0.2423766702413559,Bedroom,0.24205398559570312
20250714_122953,"Self, Bedroom, Thoughts, Close, Past",Self,0.2477627992630005,Bedroom,0.24687007069587708,Thoughts,0.2361474186182022,Close,0.23591768741607666,Past,0.235682412981987
20250715_200225,"Animals, Nature, Night, Friends, Fun",Animals,0.266458660364151,Nature,0.2576536536216736,Night,0.256808876991272,Friends,0.25375333428382874,Fun,0.24784430861473083
20250715_212315,"Rain, Window, Night, Snow, Atmosphere",Rain,0.2965622544288635,Window,0.27617573738098145,Night,0.26558130979537964,Snow,0.2637827396392822,Atmosphere,0.25973135232925415
20250717_023051,"Night, Summer, Close, Day, Fun",Night,0.23428018391132355,Summer,0.23302620649337769,Close,0.22995714843273163,Day,0.22938212752342224,Fun,0.2282692790031433
20250717_191404,"Bedroom, Window, Close, Atmosphere, Day",Bedroom,0.2789895832538605,Window,0.2713407576084137,Close,0.26052796840667725,Atmosphere,0.26004666090011597,Day,0.2585694491863251
20250719_011101,"Night, Window, Far, Atmosphere, Close",Night,0.2693506181240082,Window,0.24646013975143433,Far,0.24640364944934845,Atmosphere,0.23730160295963287,Close,0.23564304411411285
20250719_214916,"Close, Past, Atmosphere, Night, Fun",Close,0.2523494064807892,Past,0.2512912452220917,Atmosphere,0.24787309765815735,Night,0.24662823975086212,Fun,0.24392569065093994
20250720_204648,"Close, Window, Now, Far, Bedroom",Close,0.21829774975776672,Window,0.2098853588104248,Now,0.20740163326263428,Far,0.20607386529445648,Bedroom,0.20158180594444275
20250721_124406,"Past, Self, Far, Close, Day",Past,0.2387663722038269,Self,0.23731164634227753,Far,0.23576325178146362,Close,0.23544949293136597,Day,0.23258139193058014
20250722_120100,"Summer, Day, Past, Self, Fun",Summer,0.24610230326652527,Day,0.24592430889606476,Past,0.2450074851512909,Self,0.24410386383533478,Fun,0.24277475476264954
20250723_194128,"Atmosphere, Close, Fun, Far, Now",Atmosphere,0.22730331122875214,Close,0.22364166378974915,Fun,0.22175827622413635,Far,0.22130759060382843,Now,0.22005441784858704
20250724_134408,"Day, Close, Window, Fun, Alone",Day,0.250801682472229,Close,0.24926263093948364,Window,0.2459506094455719,Fun,0.24496442079544067,Alone,0.24081255495548248
20250726_003652,"Self, Past, Close, Bedroom, Fun",Self,0.24937820434570312,Past,0.24910655617713928,Close,0.24476632475852966,Bedroom,0.24428731203079224,Fun,0.24173063039779663
20250726_143140,"Close, Window, Self, Past, Fun",Close,0.25158360600471497,Window,0.24911656975746155,Self,0.2476118803024292,Past,0.24621549248695374,Fun,0.24410158395767212
20250727_190929,"Fun, Summer, Close, Day, Atmosphere",Fun,0.23948931694030762,Summer,0.23276153206825256,Close,0.2293396294116974,Day,0.22931236028671265,Atmosphere,0.22776508331298828
20250729_013322,"Self, Past, Day, Close, Fun",Self,0.2566763758659363,Past,0.2513989806175232,Day,0.24782344698905945,Close,0.24767740070819855,Fun,0.24694451689720154
20250730_022104,"Self, Past, Close, Fun, Bedroom",Self,0.2529761791229248,Past,0.2505490481853485,Close,0.24741820991039276,Fun,0.24502140283584595,Bedroom,0.24498523771762848
20250730_204731,"Far, Close, Now, Fun, Day",Far,0.25343167781829834,Close,0.2519916892051697,Now,0.24985358119010925,Fun,0.24882148206233978,Day,0.24838443100452423
20250730_232022,"Close, Fun, Bedroom, Atmosphere, Night",Close,0.2553030848503113,Fun,0.2524254322052002,Bedroom,0.2502707839012146,Atmosphere,0.24784910678863525,Night,0.24199584126472473
20250731_212453,"Night, Close, Window, Atmosphere, Alone",Night,0.2843171954154968,Close,0.2570459246635437,Window,0.2475731372833252,Atmosphere,0.2472519725561142,Alone,0.2420644462108612
20250801_180413,"Atmosphere, Window, Day, Close, Rain",Atmosphere,0.29422497749328613,Window,0.2822413444519043,Day,0.2797018885612488,Close,0.27749505639076233,Rain,0.27348577976226807
20250802_201025,"Night, Atmosphere, Far, Close, Fun",Night,0.29315105080604553,Atmosphere,0.26086509227752686,Far,0.25307294726371765,Close,0.25217556953430176,Fun,0.24743367731571198
20250803_233102,"Night, Atmosphere, Far, Close, Window",Night,0.2785857617855072,Atmosphere,0.23918570578098297,Far,0.23382164537906647,Close,0.2325921356678009,Window,0.22557872533798218
20250804_120805,"Close, Atmosphere, Fun, Day, Window",Close,0.2567146420478821,Atmosphere,0.25191015005111694,Fun,0.251343309879303,Day,0.24988466501235962,Window,0.24591964483261108
20250805_133353,"Close, Window, Fun, Atmosphere, Far",Close,0.23579323291778564,Window,0.23440903425216675,Fun,0.23263511061668396,Atmosphere,0.22760003805160522,Far,0.2254755198955536
20250806_232538,"Self, Past, Close, Bedroom, Far",Self,0.24710211157798767,Past,0.24687393009662628,Close,0.24651668965816498,Bedroom,0.24650096893310547,Far,0.24347981810569763
20250807_235701,"Night, Window, Alone, Bedroom, Now",Night,0.29196661710739136,Window,0.2738426625728607,Alone,0.2550429701805115,Bedroom,0.25501275062561035,Now,0.24823033809661865
20250808_170321,"Fun, Now, Close, Window, Day",Fun,0.2251463532447815,Now,0.21528172492980957,Close,0.21414485573768616,Window,0.21063010394573212,Day,0.21019810438156128
20250810_002533,"Past, Close, Fun, Self, Bedroom",Past,0.24191150069236755,Close,0.23910345137119293,Fun,0.23880600929260254,Self,0.2382371723651886,Bedroom,0.23536652326583862
20250810_120829,"Atmosphere, Close, Far, Window, Day",Atmosphere,0.21748465299606323,Close,0.21175448596477509,Far,0.2094660997390747,Window,0.20814619958400726,Day,0.2028031051158905
20250811_120622,"Far, Past, Day, Self, Fun",Far,0.2503788471221924,Past,0.24948766827583313,Day,0.24718396365642548,Self,0.24639961123466492,Fun,0.24165113270282745
20250812_191314,"Close, Past, Far, Fun, Day",Close,0.23785752058029175,Past,0.23696553707122803,Far,0.23637740314006805,Fun,0.22816109657287598,Day,0.2277313768863678
20250813_201724,"Night, Atmosphere, Close, Far, Alone",Night,0.28198719024658203,Atmosphere,0.25466251373291016,Close,0.2518746256828308,Far,0.25029921531677246,Alone,0.24485549330711365
20250814_215439,"Night, Window, Close, Far, Atmosphere",Night,0.2779710292816162,Window,0.2377319037914276,Close,0.2374187409877777,Far,0.23215994238853455,Atmosphere,0.23020507395267487
20250816_020503,"Self, Close, Bedroom, Past, Fun",Self,0.2511363923549652,Close,0.2503770887851715,Bedroom,0.24771618843078613,Past,0.2476169466972351,Fun,0.24395453929901123
20250816_142750,"Window, Far, Day, Atmosphere, Nature",Window,0.27745458483695984,Far,0.26846837997436523,Day,0.2661740481853485,Atmosphere,0.2658383846282959,Nature,0.26470762491226196
20250817_130357,"Fun, Bedroom, Day, Close, Now",Fun,0.24627619981765747,Bedroom,0.24152134358882904,Day,0.23906603455543518,Close,0.23326805233955383,Now,0.23269027471542358
20250819_013731,"Night, Atmosphere, Close, Window, Now",Night,0.25888118147850037,Atmosphere,0.23123113811016083,Close,0.22891518473625183,Window,0.22462017834186554,Now,0.22399035096168518
20250820_013407,"Night, Window, Bedroom, Alone, Close",Night,0.2817474901676178,Window,0.2780006229877472,Bedroom,0.268016517162323,Alone,0.265425443649292,Close,0.2577371299266815
20250821_004430,"Bedroom, Self, Close, Thoughts, Night",Bedroom,0.26531004905700684,Self,0.25532078742980957,Close,0.25174662470817566,Thoughts,0.24853140115737915,Night,0.2463771551847458
20250821_202742,"Window, Far, Bedroom, Atmosphere, Close",Window,0.22497597336769104,Far,0.21791158616542816,Bedroom,0.2145993411540985,Atmosphere,0.21370753645896912,Close,0.21357163786888123
20250823_012057,"Bedroom, Night, Self, Alone, Now",Bedroom,0.27104294300079346,Night,0.2658563256263733,Self,0.24923351407051086,Alone,0.24808155000209808,Now,0.24674072861671448
20250824_005749,"Self, Past, Close, Bedroom, Day",Self,0.2516770660877228,Past,0.24696063995361328,Close,0.2431199699640274,Bedroom,0.24224823713302612,Day,0.23953664302825928
20250824_223906,"Close, Fun, Self, Now, Past",Close,0.24669165909290314,Fun,0.24435755610466003,Self,0.24380020797252655,Now,0.24324503540992737,Past,0.24001756310462952
20250825_160511,"Atmosphere, Day, Far, Spring, Summer",Atmosphere,0.24169489741325378,Day,0.24164539575576782,Far,0.23443448543548584,Spring,0.23129096627235413,Summer,0.22981281578540802
20250825_184037,"Window, Close, Bedroom, Night, Atmosphere",Window,0.2500527799129486,Close,0.24871090054512024,Bedroom,0.24754032492637634,Night,0.24534910917282104,Atmosphere,0.24386031925678253
20250826_212337,"Close, Fun, Past, Friends, Day",Close,0.24178707599639893,Fun,0.23945707082748413,Past,0.23922722041606903,Friends,0.23428896069526672,Day,0.23151974380016327
20250827_191439,"Rain, Atmosphere, Night, Winter, Snow",Rain,0.27485784888267517,Atmosphere,0.25875550508499146,Night,0.25212594866752625,Winter,0.23914942145347595,Snow,0.23708048462867737
20250829_011610,"Past, Bedroom, Self, Close, Day",Past,0.2452836036682129,Bedroom,0.24491387605667114,Self,0.24474388360977173,Close,0.24260085821151733,Day,0.23785285651683807
20250829_151850,"Atmosphere, Far, Close, Alone, Day",Atmosphere,0.25287681818008423,Far,0.24476829171180725,Close,0.23773765563964844,Alone,0.2358016073703766,Day,0.23284567892551422
20250830_222049,"Fun, Past, Close, Bedroom, Day",Fun,0.2665663957595825,Past,0.2657850980758667,Close,0.26518139243125916,Bedroom,0.2633128762245178,Day,0.257677286863327
20250901_013924,"Night, Bedroom, Window, Alone, Atmosphere",Night,0.2723153829574585,Bedroom,0.25879496335983276,Window,0.2525160014629364,Alone,0.2523428499698639,Atmosphere,0.25033360719680786
20250901_191207,"Bedroom, Close, Past, Fun, Alone",Bedroom,0.27056625485420227,Close,0.2602798044681549,Past,0.25802087783813477,Fun,0.2548273503780365,Alone,0.25445812940597534
20250902_222531,"Night, Atmosphere, Far, Close, Fun",Night,0.25791943073272705,Atmosphere,0.24152225255966187,Far,0.23044432699680328,Close,0.22669798135757446,Fun,0.22568775713443756
20250903_223227,"Close, Night, Window, Fun, Past",Close,0.251505047082901,Night,0.2487448751926422,Window,0.2447880059480667,Fun,0.23658910393714905,Past,0.2362625151872635
20250904_213636,"Past, Close, Self, Window, Alone",Past,0.2624512314796448,Close,0.26049619913101196,Self,0.2581767439842224,Window,0.2534056305885315,Alone,0.2528364360332489
20250905_193807,"Night, Atmosphere, Summer, Nature, Day",Night,0.2655569016933441,Atmosphere,0.2526032030582428,Summer,0.24108344316482544,Nature,0.2405790388584137,Day,0.239681214094162
20250906_213351,"Bedroom, Past, Close, Fun, Window",Bedroom,0.29350101947784424,Past,0.27599355578422546,Close,0.27398616075515747,Fun,0.26551586389541626,Window,0.26492470502853394
20250907_224137,"Bedroom, Close, Now, Past, Far",Bedroom,0.28581953048706055,Close,0.2649882137775421,Now,0.26220232248306274,Past,0.26063302159309387,Far,0.2560884356498718
20250908_235412,"Bedroom, Past, Window, Close, Far",Bedroom,0.2876558005809784,Past,0.269153892993927,Window,0.26791277527809143,Close,0.26785096526145935,Far,0.2650822401046753
20250909_222207,"Bedroom, Close, Past, Window, Alone",Bedroom,0.31029778718948364,Close,0.27964937686920166,Past,0.27927374839782715,Window,0.277685284614563,Alone,0.27112913131713867
20250911_142507,"Self, Close, Day, Fun, Window",Self,0.26893487572669983,Close,0.2632797062397003,Day,0.26256394386291504,Fun,0.26132017374038696,Window,0.26120927929878235
20250912_235930,"Self, Close, Past, Bedroom, Thoughts",Self,0.2501225471496582,Close,0.24876883625984192,Past,0.24851670861244202,Bedroom,0.24723948538303375,Thoughts,0.24088852107524872
20250914_003109,"Atmosphere, Night, Close, Fun, Bedroom",Atmosphere,0.26729637384414673,Night,0.266701340675354,Close,0.254012793302536,Fun,0.2493126094341278,Bedroom,0.24848692119121552
20250914_222720,"Self, Past, Close, Bedroom, Fun",Self,0.25654780864715576,Past,0.25236597657203674,Close,0.25095266103744507,Bedroom,0.24964749813079834,Fun,0.2469465583562851
20250915_230447,"Self, Night, Bedroom, Past, Close",Self,0.26941829919815063,Night,0.2671130895614624,Bedroom,0.26474636793136597,Past,0.26468104124069214,Close,0.2629125416278839
20250916_214051,"Fun, Close, Night, Far, Atmosphere",Fun,0.27072906494140625,Close,0.26260173320770264,Night,0.2610118091106415,Far,0.25944405794143677,Atmosphere,0.25888365507125854
20250917_235926,"Self, Close, Past, Bedroom, Thoughts",Self,0.24597564339637756,Close,0.24299457669258118,Past,0.24122491478919983,Bedroom,0.24058520793914795,Thoughts,0.23638033866882324
20250918_144158,"Window, Spring, Day, Summer, Close",Window,0.23920972645282745,Spring,0.237626850605011,Day,0.23377647995948792,Summer,0.23234927654266357,Close,0.225205659866333
20250919_200324,"Alone, Day, Close, Past, Far",Alone,0.22018399834632874,Day,0.209085613489151,Close,0.20868873596191406,Past,0.20787674188613892,Far,0.2077762931585312
20250920_234037,"Bedroom, Close, Self, Past, Fun",Bedroom,0.2477610856294632,Close,0.24577802419662476,Self,0.2457072138786316,Past,0.245403453707695,Fun,0.23845423758029938
20250921_213307,"Past, Close, Fun, Friends, Now",Past,0.23722001910209656,Close,0.2302018404006958,Fun,0.22026215493679047,Friends,0.21621015667915344,Now,0.21467441320419312
20250922_221423,"Night, Friends, Fun, Past, Close",Night,0.2547846734523773,Friends,0.24715082347393036,Fun,0.24368372559547424,Past,0.2398422211408615,Close,0.23905757069587708
20250923_221558,"Self, Close, Past, Fun, Thoughts",Self,0.2559012174606323,Close,0.2532254457473755,Past,0.25160568952560425,Fun,0.2476658821105957,Thoughts,0.24406327307224274
20250925_181756,"Fall, Day, Atmosphere, Summer, Nature",Fall,0.284774512052536,Day,0.27944207191467285,Atmosphere,0.2759215533733368,Summer,0.2730821371078491,Nature,0.2690754532814026
20250927_001255,"Bedroom, Self, Close, Fun, Past",Bedroom,0.2614823579788208,Self,0.2585262954235077,Close,0.2546752095222473,Fun,0.24973253905773163,Past,0.2487395852804184
20250927_212932,"Fun, Night, Close, Bedroom, Atmosphere",Fun,0.24074585735797882,Night,0.23816350102424622,Close,0.23771601915359497,Bedroom,0.23151272535324097,Atmosphere,0.23146690428256989
20250929_011009,"Window, Bedroom, Close, Night, Self",Window,0.27943241596221924,Bedroom,0.26547151803970337,Close,0.2651602327823639,Night,0.2640188932418823,Self,0.26068031787872314
20250929_165756,"Window, Night, Atmosphere, Bedroom, Far",Window,0.2660837173461914,Night,0.264357328414917,Atmosphere,0.25306180119514465,Bedroom,0.24936813116073608,Far,0.24766460061073303
20250930_232610,"Self, Past, Close, Bedroom, Thoughts",Self,0.26139092445373535,Past,0.2534501552581787,Close,0.2509347200393677,Bedroom,0.24909961223602295,Thoughts,0.2484755516052246
20251002_002455,"Self, Bedroom, Close, Past, Fun",Self,0.2522425055503845,Bedroom,0.250148743391037,Close,0.2475767433643341,Past,0.243344247341156,Fun,0.2429986596107483
20251003_000308,"Self, Past, Bedroom, Close, Now",Self,0.24924886226654053,Past,0.2413700520992279,Bedroom,0.2407848984003067,Close,0.23992370069026947,Now,0.238951176404953
20251003_211739,"Close, Past, Atmosphere, Fun, Far",Close,0.22529062628746033,Past,0.21783855557441711,Atmosphere,0.21751295030117035,Fun,0.21722936630249023,Far,0.21260103583335876
20251005_012718,"Self, Past, Close, Thoughts, Bedroom",Self,0.25547224283218384,Past,0.24987618625164032,Close,0.24712391197681427,Thoughts,0.2436283677816391,Bedroom,0.24341528117656708
20251005_182643,"Fun, Close, Day, Summer, Friends",Fun,0.2512304186820984,Close,0.2505977153778076,Day,0.24844950437545776,Summer,0.2477913796901703,Friends,0.24670079350471497
20251006_235251,"Self, Past, Close, Bedroom, Fun",Self,0.24955004453659058,Past,0.24601417779922485,Close,0.24575570225715637,Bedroom,0.2431710660457611,Fun,0.2414272576570511
20251007_214206,"Night, Far, Fall, Alone, Atmosphere",Night,0.2566356658935547,Far,0.233539879322052,Fall,0.23308750987052917,Alone,0.23227819800376892,Atmosphere,0.23185837268829346
20251008_230637,"Self, Close, Past, Fun, Bedroom",Self,0.25034239888191223,Close,0.24722376465797424,Past,0.244596928358078,Fun,0.24353739619255066,Bedroom,0.242775097489357
20251009_194544,"Night, Close, Past, Self, Now",Night,0.2690282464027405,Close,0.2538861036300659,Past,0.25088274478912354,Self,0.2503297030925751,Now,0.24635650217533112
20251010_182549,"Bedroom, Fun, Close, Alone, Self",Bedroom,0.26128309965133667,Fun,0.2477763593196869,Close,0.2462845742702484,Alone,0.24399572610855103,Self,0.2430274486541748
20251012_003353,"Self, Past, Close, Bedroom, Thoughts",Self,0.25741562247276306,Past,0.24993810057640076,Close,0.24940097332000732,Bedroom,0.24864456057548523,Thoughts,0.245927631855011
20251012_211248,"Self, Past, Close, Bedroom, Thoughts",Self,0.254709392786026,Past,0.25194770097732544,Close,0.24967971444129944,Bedroom,0.2493150383234024,Thoughts,0.24493294954299927
20251013_172740,"Fall, Window, Day, Summer, Fun",Fall,0.25500571727752686,Window,0.23521193861961365,Day,0.22794532775878906,Summer,0.22749373316764832,Fun,0.22547243535518646
20251014_182605,"Fun, Bedroom, Close, Self, Past",Fun,0.2593744099140167,Bedroom,0.24671852588653564,Close,0.2442881166934967,Self,0.24273651838302612,Past,0.23971043527126312
20251015_221821,"Night, Fun, Past, Self, Close",Night,0.26036274433135986,Fun,0.23630407452583313,Past,0.23588226735591888,Self,0.23326602578163147,Close,0.23269319534301758
20251017_012945,"Self, Bedroom, Close, Thoughts, Past",Self,0.25352200865745544,Bedroom,0.2500009834766388,Close,0.2487495243549347,Thoughts,0.24317800998687744,Past,0.24155475199222565
20251018_014044,"Self, Past, Bedroom, Close, Night",Self,0.2581404149532318,Past,0.25710493326187134,Bedroom,0.2555302679538727,Close,0.2552115321159363,Night,0.25493350625038147
20251018_181703,"Night, Atmosphere, Rain, Window, Far",Night,0.24539345502853394,Atmosphere,0.24059924483299255,Rain,0.23984284698963165,Window,0.23858249187469482,Far,0.23835276067256927
20251019_165145,"Self, Bedroom, Past, Close, Fun",Self,0.25304776430130005,Bedroom,0.24601420760154724,Past,0.2451535165309906,Close,0.24458757042884827,Fun,0.24401143193244934
20251021_004016,"Self, Past, Close, Bedroom, Fun",Self,0.2545508146286011,Past,0.2534745931625366,Close,0.2493622601032257,Bedroom,0.24703283607959747,Fun,0.24412992596626282
20251021_161113,"Window, Close, Atmosphere, Now, Far",Window,0.21818044781684875,Close,0.21697887778282166,Atmosphere,0.21140716969966888,Now,0.20676207542419434,Far,0.2055080682039261
20251022_234229,"Bedroom, Close, Self, Window, Thoughts",Bedroom,0.24910447001457214,Close,0.24199233949184418,Self,0.2381034791469574,Window,0.23123125731945038,Thoughts,0.23058784008026123
20251024_234948,"Night, Fun, Past, Friends, Close",Night,0.27650368213653564,Fun,0.25862419605255127,Past,0.2518879771232605,Friends,0.2508833706378937,Close,0.24640190601348877
20251026_015947,"Night, Window, Rain, Close, Snow",Night,0.2638453245162964,Window,0.25181904435157776,Rain,0.23999068140983582,Close,0.2328537404537201,Snow,0.23038721084594727
20251027_003117,"Self, Bedroom, Past, Close, Fun",Self,0.2507147192955017,Bedroom,0.2483443319797516,Past,0.24745218455791473,Close,0.24741511046886444,Fun,0.2426120936870575
20251028_015515,"Self, Bedroom, Close, Past, Fun",Self,0.2522042989730835,Bedroom,0.2512371242046356,Close,0.2481975555419922,Past,0.2418821007013321,Fun,0.23978286981582642
20251028_235509,"Self, Past, Close, Bedroom, Fun",Self,0.25162193179130554,Past,0.24724081158638,Close,0.24611352384090424,Bedroom,0.24607494473457336,Fun,0.2409018576145172
20251029_235642,"Bedroom, Close, Thoughts, Self, Night",Bedroom,0.2652239501476288,Close,0.25781872868537903,Thoughts,0.2501299977302551,Self,0.24919581413269043,Night,0.2439228743314743
20251030_222808,"Night, Window, Close, Far, Alone",Night,0.22403013706207275,Window,0.22317346930503845,Close,0.22192531824111938,Far,0.21526667475700378,Alone,0.21525423228740692
20251101_023521,"Self, Close, Past, Fun, Day",Self,0.2516849637031555,Close,0.24533586204051971,Past,0.24520815908908844,Fun,0.24234622716903687,Day,0.24052470922470093
20251102_005302,"Bedroom, Close, Self, Thoughts, Night",Bedroom,0.25691547989845276,Close,0.25366467237472534,Self,0.24289649724960327,Thoughts,0.23950323462486267,Night,0.23772470653057098
20251102_232633,"Self, Close, Past, Bedroom, Fun",Self,0.25713181495666504,Close,0.25085991621017456,Past,0.2484741359949112,Bedroom,0.24844028055667877,Fun,0.24284866452217102
20251103_224525,"Night, Self, Past, Close, Window",Night,0.26219674944877625,Self,0.25375378131866455,Past,0.24936605989933014,Close,0.2480282485485077,Window,0.24767081439495087
20251104_222632,"Bedroom, Self, Thoughts, Close, Past",Bedroom,0.26841557025909424,Self,0.2600345015525818,Thoughts,0.2494169920682907,Close,0.2487480342388153,Past,0.24569079279899597
20251105_143008,"Thoughts, Window, Self, Close, Night",Thoughts,0.2754276692867279,Window,0.2728111147880554,Self,0.27212196588516235,Close,0.2704565227031708,Night,0.26993629336357117
20251106_111653,"Close, Alone, Day, Window, Fall",Close,0.23759469389915466,Alone,0.2367146611213684,Day,0.23287934064865112,Window,0.23275670409202576,Fall,0.2324337363243103
20251107_212750,"Night, Fun, Window, Bedroom, Friends",Night,0.25856897234916687,Fun,0.2564682364463806,Window,0.255082905292511,Bedroom,0.25409984588623047,Friends,0.24470989406108856
20251108_203707,"Fun, Night, Far, Close, Atmosphere",Fun,0.24103854596614838,Night,0.23991504311561584,Far,0.2326548844575882,Close,0.23073697090148926,Atmosphere,0.2306387722492218
20251109_204619,"Self, Close, Thoughts, Past, Fun",Self,0.25779110193252563,Close,0.25473737716674805,Thoughts,0.2500113546848297,Past,0.24880751967430115,Fun,0.24691076576709747
20251110_131217,"Winter, Snow, Spring, Day, Atmosphere",Winter,0.28411632776260376,Snow,0.28362390398979187,Spring,0.2776957154273987,Day,0.27095216512680054,Atmosphere,0.2704659104347229
20251111_223652,"Night, Past, Snow, Self, Close",Night,0.25949788093566895,Past,0.24390341341495514,Snow,0.24121838808059692,Self,0.24067917466163635,Close,0.2406453639268875
20251112_224659,"Night, Window, Fall, Rain, Snow",Night,0.2670547366142273,Window,0.2510259747505188,Fall,0.24365799129009247,Rain,0.24057239294052124,Snow,0.23852914571762085
20251114_003658,"Bedroom, Self, Past, Close, Day",Bedroom,0.2690107822418213,Self,0.2593246102333069,Past,0.2544851303100586,Close,0.2517138719558716,Day,0.2483031302690506
20251114_165242,"Night, Alone, Close, Window, Far",Night,0.2613111734390259,Alone,0.2590748965740204,Close,0.24893563985824585,Window,0.2435396909713745,Far,0.24099096655845642
20251116_011116,"Night, Snow, Rain, Window, Alone",Night,0.26296311616897583,Snow,0.2505040764808655,Rain,0.24858234822750092,Window,0.24570438265800476,Alone,0.24010707437992096
20251116_235348,"Bedroom, Self, Past, Close, Window",Bedroom,0.2561582922935486,Self,0.24994394183158875,Past,0.2489345818758011,Close,0.24634283781051636,Window,0.24277718365192413
20251117_231553,"Self, Past, Bedroom, Close, Day",Self,0.24961864948272705,Past,0.24958312511444092,Bedroom,0.24645817279815674,Close,0.2451619654893875,Day,0.2417900264263153
20251118_232639,"Night, Atmosphere, Rain, Close, Far",Night,0.29455292224884033,Atmosphere,0.26030492782592773,Rain,0.25757014751434326,Close,0.25346657633781433,Far,0.2533750832080841
